자격구분명,자격구분명_tok1,자격구분명_tok2,자격구분명_tok3
국가전문자격,국가,전문,자격
국가전문자격,국가,전문,자격
국가전문자격,국가,전문,자격
국가전문자격,국가,전문,자격
국가전문자격,국가,전문,자격
국가전문자격,국가,전문,자격
국가전문자격,국가,전문,자격
국가전문자격,국가,전문,자격
국가전문자격,국가,전문,자격
국가전문자격,국가,전문,자격
국가전문자격,국가,전문,자격
국가전문자격,국가,전문,자격
국가전문자격,국가,전문,자격
국가전문자격,국가,전문,자격
국가전문자격,국가,전문,자격
국가전문자격,국가,전문,자격
국가전문자격,국가,전문,자격
국가전문자격,국가,전문,자격
국가전문자격,국가,전문,자격
국가전문자격,국가,전문,자격
국가전문자격,국가,전문,자격
국가전문자격,국가,전문,자격
국가전문자격,국가,전문,자격
국가전문자격,국가,전문,자격
국가전문자격,국가,전문,자격
국가전문자격,국가,전문,자격
국가전문자격,국가,전문,자격
국가전문자격,국가,전문,자격
국가전문자격,국가,전문,자격
국가전문자격,국가,전문,자격
국가전문자격,국가,전문,자격
국가전문자격,국가,전문,자격
국가전문자격,국가,전문,자격
국가전문자격,국가,전문,자격
국가전문자격,국가,전문,자격
국가전문자격,국가,전문,자격
국가전문자격,국가,전문,자격
국가전문자격,국가,전문,자격
국가전문자격,국가,전문,자격
국가전문자격,국가,전문,자격
국가전문자격,국가,전문,자격
국가전문자격,국가,전문,자격
국가전문자격,국가,전문,자격
국가전문자격,국가,전문,자격
국가전문자격,국가,전문,자격
국가전문자격,국가,전문,자격
국가전문자격,국가,전문,자격
국가전문자격,국가,전문,자격
국가전문자격,국가,전문,자격
국가전문자격,국가,전문,자격
국가전문자격,국가,전문,자격
국가전문자격,국가,전문,자격
국가전문자격,국가,전문,자격
국가전문자격,국가,전문,자격
국가전문자격,국가,전문,자격
국가전문자격,국가,전문,자격
국가전문자격,국가,전문,자격
국가전문자격,국가,전문,자격
국가전문자격,국가,전문,자격
국가전문자격,국가,전문,자격
국가전문자격,국가,전문,자격
국가전문자격,국가,전문,자격
국가전문자격,국가,전문,자격
국가전문자격,국가,전문,자격
국가전문자격,국가,전문,자격
국가전문자격,국가,전문,자격
국가전문자격,국가,전문,자격
국가전문자격,국가,전문,자격
국가전문자격,국가,전문,자격
국가전문자격,국가,전문,자격
국가전문자격,국가,전문,자격
국가기술자격,국가,기술,자격
국가기술자격,국가,기술,자격
국가기술자격,국가,기술,자격
국가기술자격,국가,기술,자격
국가기술자격,국가,기술,자격
국가기술자격,국가,기술,자격
국가기술자격,국가,기술,자격
국가기술자격,국가,기술,자격
국가기술자격,국가,기술,자격
국가기술자격,국가,기술,자격
국가기술자격,국가,기술,자격
국가기술자격,국가,기술,자격
국가기술자격,국가,기술,자격
국가기술자격,국가,기술,자격
국가기술자격,국가,기술,자격
국가기술자격,국가,기술,자격
국가기술자격,국가,기술,자격
국가기술자격,국가,기술,자격
국가기술자격,국가,기술,자격
국가기술자격,국가,기술,자격
국가기술자격,국가,기술,자격
국가기술자격,국가,기술,자격
국가기술자격,국가,기술,자격
국가기술자격,국가,기술,자격
국가기술자격,국가,기술,자격
국가기술자격,국가,기술,자격
국가기술자격,국가,기술,자격
국가기술자격,국가,기술,자격
국가기술자격,국가,기술,자격
국가기술자격,국가,기술,자격
국가기술자격,국가,기술,자격
국가기술자격,국가,기술,자격
국가기술자격,국가,기술,자격
국가기술자격,국가,기술,자격
국가기술자격,국가,기술,자격
국가기술자격,국가,기술,자격
국가기술자격,국가,기술,자격
국가기술자격,국가,기술,자격
국가기술자격,국가,기술,자격
국가기술자격,국가,기술,자격
국가기술자격,국가,기술,자격
국가기술자격,국가,기술,자격
국가기술자격,국가,기술,자격
국가기술자격,국가,기술,자격
국가기술자격,국가,기술,자격
국가기술자격,국가,기술,자격
국가기술자격,국가,기술,자격
국가기술자격,국가,기술,자격
국가기술자격,국가,기술,자격
국가기술자격,국가,기술,자격
국가기술자격,국가,기술,자격
국가기술자격,국가,기술,자격
국가기술자격,국가,기술,자격
국가기술자격,국가,기술,자격
국가기술자격,국가,기술,자격
국가기술자격,국가,기술,자격
국가기술자격,국가,기술,자격
국가기술자격,국가,기술,자격
국가기술자격,국가,기술,자격
국가기술자격,국가,기술,자격
국가기술자격,국가,기술,자격
국가기술자격,국가,기술,자격
국가기술자격,국가,기술,자격
국가기술자격,국가,기술,자격
국가기술자격,국가,기술,자격
국가기술자격,국가,기술,자격
국가기술자격,국가,기술,자격
국가기술자격,국가,기술,자격
국가기술자격,국가,기술,자격
국가기술자격,국가,기술,자격
국가기술자격,국가,기술,자격
국가기술자격,국가,기술,자격
국가기술자격,국가,기술,자격
국가기술자격,국가,기술,자격
국가기술자격,국가,기술,자격
국가기술자격,국가,기술,자격
국가기술자격,국가,기술,자격
국가기술자격,국가,기술,자격
국가기술자격,국가,기술,자격
국가기술자격,국가,기술,자격
국가기술자격,국가,기술,자격
국가기술자격,국가,기술,자격
국가기술자격,국가,기술,자격
국가기술자격,국가,기술,자격
국가기술자격,국가,기술,자격
국가기술자격,국가,기술,자격
국가기술자격,국가,기술,자격
국가기술자격,국가,기술,자격
국가기술자격,국가,기술,자격
국가기술자격,국가,기술,자격
국가기술자격,국가,기술,자격
국가기술자격,국가,기술,자격
국가기술자격,국가,기술,자격
국가기술자격,국가,기술,자격
국가기술자격,국가,기술,자격
국가기술자격,국가,기술,자격
국가기술자격,국가,기술,자격
국가기술자격,국가,기술,자격
국가기술자격,국가,기술,자격
국가기술자격,국가,기술,자격
국가기술자격,국가,기술,자격
국가기술자격,국가,기술,자격
국가기술자격,국가,기술,자격
국가기술자격,국가,기술,자격
국가기술자격,국가,기술,자격
국가기술자격,국가,기술,자격
국가기술자격,국가,기술,자격
국가기술자격,국가,기술,자격
국가기술자격,국가,기술,자격
국가기술자격,국가,기술,자격
국가기술자격,국가,기술,자격
국가기술자격,국가,기술,자격
국가기술자격,국가,기술,자격
국가기술자격,국가,기술,자격
국가기술자격,국가,기술,자격
국가기술자격,국가,기술,자격
국가기술자격,국가,기술,자격
국가기술자격,국가,기술,자격
국가기술자격,국가,기술,자격
국가기술자격,국가,기술,자격
국가기술자격,국가,기술,자격
국가기술자격,국가,기술,자격
국가기술자격,국가,기술,자격
국가기술자격,국가,기술,자격
국가기술자격,국가,기술,자격
국가기술자격,국가,기술,자격
국가기술자격,국가,기술,자격
국가기술자격,국가,기술,자격
국가기술자격,국가,기술,자격
국가기술자격,국가,기술,자격
국가기술자격,국가,기술,자격
국가기술자격,국가,기술,자격
국가기술자격,국가,기술,자격
국가기술자격,국가,기술,자격
국가기술자격,국가,기술,자격
국가기술자격,국가,기술,자격
국가기술자격,국가,기술,자격
국가기술자격,국가,기술,자격
국가기술자격,국가,기술,자격
국가기술자격,국가,기술,자격
국가기술자격,국가,기술,자격
국가기술자격,국가,기술,자격
국가기술자격,국가,기술,자격
국가기술자격,국가,기술,자격
국가기술자격,국가,기술,자격
국가기술자격,국가,기술,자격
국가기술자격,국가,기술,자격
국가기술자격,국가,기술,자격
국가기술자격,국가,기술,자격
국가기술자격,국가,기술,자격
국가기술자격,국가,기술,자격
국가기술자격,국가,기술,자격
국가기술자격,국가,기술,자격
국가기술자격,국가,기술,자격
국가기술자격,국가,기술,자격
국가기술자격,국가,기술,자격
국가기술자격,국가,기술,자격
국가기술자격,국가,기술,자격
국가기술자격,국가,기술,자격
국가기술자격,국가,기술,자격
국가기술자격,국가,기술,자격
국가기술자격,국가,기술,자격
국가기술자격,국가,기술,자격
국가기술자격,국가,기술,자격
국가기술자격,국가,기술,자격
국가기술자격,국가,기술,자격
국가기술자격,국가,기술,자격
국가기술자격,국가,기술,자격
국가기술자격,국가,기술,자격
국가기술자격,국가,기술,자격
국가기술자격,국가,기술,자격
국가기술자격,국가,기술,자격
국가기술자격,국가,기술,자격
국가기술자격,국가,기술,자격
국가기술자격,국가,기술,자격
국가기술자격,국가,기술,자격
국가기술자격,국가,기술,자격
국가기술자격,국가,기술,자격
국가기술자격,국가,기술,자격
국가기술자격,국가,기술,자격
국가기술자격,국가,기술,자격
국가기술자격,국가,기술,자격
국가기술자격,국가,기술,자격
국가기술자격,국가,기술,자격
국가기술자격,국가,기술,자격
국가기술자격,국가,기술,자격
국가기술자격,국가,기술,자격
국가기술자격,국가,기술,자격
국가기술자격,국가,기술,자격
국가기술자격,국가,기술,자격
국가기술자격,국가,기술,자격
국가기술자격,국가,기술,자격
국가기술자격,국가,기술,자격
국가기술자격,국가,기술,자격
국가기술자격,국가,기술,자격
국가기술자격,국가,기술,자격
국가기술자격,국가,기술,자격
국가기술자격,국가,기술,자격
국가기술자격,국가,기술,자격
국가기술자격,국가,기술,자격
국가기술자격,국가,기술,자격
국가기술자격,국가,기술,자격
국가기술자격,국가,기술,자격
국가기술자격,국가,기술,자격
국가기술자격,국가,기술,자격
국가기술자격,국가,기술,자격
국가기술자격,국가,기술,자격
국가기술자격,국가,기술,자격
국가기술자격,국가,기술,자격
국가기술자격,국가,기술,자격
국가기술자격,국가,기술,자격
국가기술자격,국가,기술,자격
국가기술자격,국가,기술,자격
국가기술자격,국가,기술,자격
국가기술자격,국가,기술,자격
국가기술자격,국가,기술,자격
국가기술자격,국가,기술,자격
국가기술자격,국가,기술,자격
국가기술자격,국가,기술,자격
국가기술자격,국가,기술,자격
국가기술자격,국가,기술,자격
국가기술자격,국가,기술,자격
국가기술자격,국가,기술,자격
국가기술자격,국가,기술,자격
국가기술자격,국가,기술,자격
국가기술자격,국가,기술,자격
국가기술자격,국가,기술,자격
국가기술자격,국가,기술,자격
국가기술자격,국가,기술,자격
국가기술자격,국가,기술,자격
국가기술자격,국가,기술,자격
국가기술자격,국가,기술,자격
국가기술자격,국가,기술,자격
국가기술자격,국가,기술,자격
국가기술자격,국가,기술,자격
국가기술자격,국가,기술,자격
국가기술자격,국가,기술,자격
국가기술자격,국가,기술,자격
국가기술자격,국가,기술,자격
국가기술자격,국가,기술,자격
국가기술자격,국가,기술,자격
국가기술자격,국가,기술,자격
국가기술자격,국가,기술,자격
국가기술자격,국가,기술,자격
국가기술자격,국가,기술,자격
국가기술자격,국가,기술,자격
국가기술자격,국가,기술,자격
국가기술자격,국가,기술,자격
국가기술자격,국가,기술,자격
국가기술자격,국가,기술,자격
국가기술자격,국가,기술,자격
국가기술자격,국가,기술,자격
국가기술자격,국가,기술,자격
국가기술자격,국가,기술,자격
국가기술자격,국가,기술,자격
국가기술자격,국가,기술,자격
국가기술자격,국가,기술,자격
국가기술자격,국가,기술,자격
국가기술자격,국가,기술,자격
국가기술자격,국가,기술,자격
국가기술자격,국가,기술,자격
국가기술자격,국가,기술,자격
국가기술자격,국가,기술,자격
국가기술자격,국가,기술,자격
국가기술자격,국가,기술,자격
국가기술자격,국가,기술,자격
국가기술자격,국가,기술,자격
국가기술자격,국가,기술,자격
국가기술자격,국가,기술,자격
국가기술자격,국가,기술,자격
국가기술자격,국가,기술,자격
국가기술자격,국가,기술,자격
국가기술자격,국가,기술,자격
국가기술자격,국가,기술,자격
국가기술자격,국가,기술,자격
국가기술자격,국가,기술,자격
국가기술자격,국가,기술,자격
국가기술자격,국가,기술,자격
국가기술자격,국가,기술,자격
국가기술자격,국가,기술,자격
국가기술자격,국가,기술,자격
국가기술자격,국가,기술,자격
국가기술자격,국가,기술,자격
국가기술자격,국가,기술,자격
국가기술자격,국가,기술,자격
국가기술자격,국가,기술,자격
국가기술자격,국가,기술,자격
국가기술자격,국가,기술,자격
국가기술자격,국가,기술,자격
국가기술자격,국가,기술,자격
국가기술자격,국가,기술,자격
국가기술자격,국가,기술,자격
국가기술자격,국가,기술,자격
국가기술자격,국가,기술,자격
국가기술자격,국가,기술,자격
국가기술자격,국가,기술,자격
국가기술자격,국가,기술,자격
국가기술자격,국가,기술,자격
국가기술자격,국가,기술,자격
국가기술자격,국가,기술,자격
국가기술자격,국가,기술,자격
국가기술자격,국가,기술,자격
국가기술자격,국가,기술,자격
국가기술자격,국가,기술,자격
국가기술자격,국가,기술,자격
국가기술자격,국가,기술,자격
국가기술자격,국가,기술,자격
국가기술자격,국가,기술,자격
국가기술자격,국가,기술,자격
국가기술자격,국가,기술,자격
국가기술자격,국가,기술,자격
국가기술자격,국가,기술,자격
국가기술자격,국가,기술,자격
국가기술자격,국가,기술,자격
국가기술자격,국가,기술,자격
국가기술자격,국가,기술,자격
국가기술자격,국가,기술,자격
국가기술자격,국가,기술,자격
국가기술자격,국가,기술,자격
국가기술자격,국가,기술,자격
국가기술자격,국가,기술,자격
국가기술자격,국가,기술,자격
국가기술자격,국가,기술,자격
국가기술자격,국가,기술,자격
국가기술자격,국가,기술,자격
국가기술자격,국가,기술,자격
국가기술자격,국가,기술,자격
국가기술자격,국가,기술,자격
국가기술자격,국가,기술,자격
국가기술자격,국가,기술,자격
국가기술자격,국가,기술,자격
국가기술자격,국가,기술,자격
국가기술자격,국가,기술,자격
국가기술자격,국가,기술,자격
국가기술자격,국가,기술,자격
국가기술자격,국가,기술,자격
국가기술자격,국가,기술,자격
국가기술자격,국가,기술,자격
국가기술자격,국가,기술,자격
국가기술자격,국가,기술,자격
국가기술자격,국가,기술,자격
국가기술자격,국가,기술,자격
국가기술자격,국가,기술,자격
국가기술자격,국가,기술,자격
국가기술자격,국가,기술,자격
국가기술자격,국가,기술,자격
국가기술자격,국가,기술,자격
국가기술자격,국가,기술,자격
국가기술자격,국가,기술,자격
국가기술자격,국가,기술,자격
국가기술자격,국가,기술,자격
국가기술자격,국가,기술,자격
국가기술자격,국가,기술,자격
국가기술자격,국가,기술,자격
국가기술자격,국가,기술,자격
국가기술자격,국가,기술,자격
국가기술자격,국가,기술,자격
국가기술자격,국가,기술,자격
국가기술자격,국가,기술,자격
국가기술자격,국가,기술,자격
국가기술자격,국가,기술,자격
국가기술자격,국가,기술,자격
국가기술자격,국가,기술,자격
국가기술자격,국가,기술,자격
국가기술자격,국가,기술,자격
국가기술자격,국가,기술,자격
국가기술자격,국가,기술,자격
국가기술자격,국가,기술,자격
국가기술자격,국가,기술,자격
국가기술자격,국가,기술,자격
국가기술자격,국가,기술,자격
국가기술자격,국가,기술,자격
국가기술자격,국가,기술,자격
국가기술자격,국가,기술,자격
국가기술자격,국가,기술,자격
국가기술자격,국가,기술,자격
국가기술자격,국가,기술,자격
국가기술자격,국가,기술,자격
국가기술자격,국가,기술,자격
국가기술자격,국가,기술,자격
국가기술자격,국가,기술,자격
국가기술자격,국가,기술,자격
국가기술자격,국가,기술,자격
국가기술자격,국가,기술,자격
국가기술자격,국가,기술,자격
국가기술자격,국가,기술,자격
국가기술자격,국가,기술,자격
국가기술자격,국가,기술,자격
국가기술자격,국가,기술,자격
국가기술자격,국가,기술,자격
국가기술자격,국가,기술,자격
국가기술자격,국가,기술,자격
국가기술자격,국가,기술,자격
국가기술자격,국가,기술,자격
국가기술자격,국가,기술,자격
국가기술자격,국가,기술,자격
국가기술자격,국가,기술,자격
국가기술자격,국가,기술,자격
국가기술자격,국가,기술,자격
국가기술자격,국가,기술,자격
국가기술자격,국가,기술,자격
국가기술자격,국가,기술,자격
국가기술자격,국가,기술,자격
국가기술자격,국가,기술,자격
국가기술자격,국가,기술,자격
국가기술자격,국가,기술,자격
국가기술자격,국가,기술,자격
국가기술자격,국가,기술,자격
국가기술자격,국가,기술,자격
국가기술자격,국가,기술,자격
국가기술자격,국가,기술,자격
국가기술자격,국가,기술,자격
국가기술자격,국가,기술,자격
국가기술자격,국가,기술,자격
국가기술자격,국가,기술,자격
국가기술자격,국가,기술,자격
국가기술자격,국가,기술,자격
국가기술자격,국가,기술,자격
국가기술자격,국가,기술,자격
국가기술자격,국가,기술,자격
국가기술자격,국가,기술,자격
국가기술자격,국가,기술,자격
국가전문자격,국가,전문,자격
국가전문자격,국가,전문,자격
국가전문자격,국가,전문,자격
국가전문자격,국가,전문,자격
국가전문자격,국가,전문,자격
국가전문자격,국가,전문,자격
국가전문자격,국가,전문,자격
국가전문자격,국가,전문,자격
국가전문자격,국가,전문,자격
국가전문자격,국가,전문,자격
국가전문자격,국가,전문,자격
국가전문자격,국가,전문,자격
국가전문자격,국가,전문,자격
국가전문자격,국가,전문,자격
국가전문자격,국가,전문,자격
국가전문자격,국가,전문,자격
국가전문자격,국가,전문,자격
국가기술자격,국가,기술,자격
국가기술자격,국가,기술,자격
국가기술자격,국가,기술,자격
국가기술자격,국가,기술,자격
국가기술자격,국가,기술,자격
국가기술자격,국가,기술,자격
국가기술자격,국가,기술,자격
국가기술자격,국가,기술,자격
국가기술자격,국가,기술,자격
국가기술자격,국가,기술,자격
국가기술자격,국가,기술,자격
국가기술자격,국가,기술,자격
국가기술자격,국가,기술,자격
국가기술자격,국가,기술,자격
국가기술자격,국가,기술,자격
국가기술자격,국가,기술,자격
국가기술자격,국가,기술,자격
국가기술자격,국가,기술,자격
국가기술자격,국가,기술,자격
국가전문자격,국가,전문,자격
국가전문자격,국가,전문,자격
국가기술자격,국가,기술,자격
국가기술자격,국가,기술,자격
국가기술자격,국가,기술,자격
국가전문자격,국가,전문,자격
국가전문자격,국가,전문,자격
국가전문자격,국가,전문,자격
국가전문자격,국가,전문,자격
국가전문자격,국가,전문,자격
국가기술자격,국가,기술,자격
국가기술자격,국가,기술,자격
국가기술자격,국가,기술,자격
국가기술자격,국가,기술,자격
국가기술자격,국가,기술,자격
국가전문자격,국가,전문,자격
국가전문자격,국가,전문,자격
국가전문자격,국가,전문,자격
국가기술자격,국가,기술,자격
국가기술자격,국가,기술,자격
국가전문자격,국가,전문,자격
국가기술자격,국가,기술,자격
국가기술자격,국가,기술,자격
국가전문자격,국가,전문,자격
국가기술자격,국가,기술,자격
국가기술자격,국가,기술,자격
국가전문자격,국가,전문,자격
일학습병행자격,일학습,병행,자격
일학습병행자격,일학습,병행,자격
일학습병행자격,일학습,병행,자격
일학습병행자격,일학습,병행,자격
일학습병행자격,일학습,병행,자격
일학습병행자격,일학습,병행,자격
과정평가형자격,과정,평가형,자격
과정평가형자격,과정,평가형,자격
과정평가형자격,과정,평가형,자격
과정평가형자격,과정,평가형,자격
과정평가형자격,과정,평가형,자격
과정평가형자격,과정,평가형,자격
과정평가형자격,과정,평가형,자격
과정평가형자격,과정,평가형,자격
과정평가형자격,과정,평가형,자격
과정평가형자격,과정,평가형,자격
과정평가형자격,과정,평가형,자격
과정평가형자격,과정,평가형,자격
과정평가형자격,과정,평가형,자격
과정평가형자격,과정,평가형,자격
일학습병행자격,일학습,병행,자격
일학습병행자격,일학습,병행,자격
일학습병행자격,일학습,병행,자격
일학습병행자격,일학습,병행,자격
일학습병행자격,일학습,병행,자격
일학습병행자격,일학습,병행,자격
일학습병행자격,일학습,병행,자격
일학습병행자격,일학습,병행,자격
일학습병행자격,일학습,병행,자격
일학습병행자격,일학습,병행,자격
일학습병행자격,일학습,병행,자격
일학습병행자격,일학습,병행,자격
일학습병행자격,일학습,병행,자격
일학습병행자격,일학습,병행,자격
일학습병행자격,일학습,병행,자격
일학습병행자격,일학습,병행,자격
일학습병행자격,일학습,병행,자격
일학습병행자격,일학습,병행,자격
일학습병행자격,일학습,병행,자격
일학습병행자격,일학습,병행,자격
일학습병행자격,일학습,병행,자격
일학습병행자격,일학습,병행,자격
일학습병행자격,일학습,병행,자격
일학습병행자격,일학습,병행,자격
일학습병행자격,일학습,병행,자격
일학습병행자격,일학습,병행,자격
일학습병행자격,일학습,병행,자격
일학습병행자격,일학습,병행,자격
일학습병행자격,일학습,병행,자격
일학습병행자격,일학습,병행,자격
일학습병행자격,일학습,병행,자격
일학습병행자격,일학습,병행,자격
일학습병행자격,일학습,병행,자격
일학습병행자격,일학습,병행,자격
일학습병행자격,일학습,병행,자격
일학습병행자격,일학습,병행,자격
일학습병행자격,일학습,병행,자격
일학습병행자격,일학습,병행,자격
일학습병행자격,일학습,병행,자격
일학습병행자격,일학습,병행,자격
일학습병행자격,일학습,병행,자격
일학습병행자격,일학습,병행,자격
일학습병행자격,일학습,병행,자격
일학습병행자격,일학습,병행,자격
국가기술자격,국가,기술,자격
일학습병행자격,일학습,병행,자격
일학습병행자격,일학습,병행,자격
일학습병행자격,일학습,병행,자격
일학습병행자격,일학습,병행,자격
일학습병행자격,일학습,병행,자격
일학습병행자격,일학습,병행,자격
일학습병행자격,일학습,병행,자격
일학습병행자격,일학습,병행,자격
일학습병행자격,일학습,병행,자격
일학습병행자격,일학습,병행,자격
일학습병행자격,일학습,병행,자격
일학습병행자격,일학습,병행,자격
일학습병행자격,일학습,병행,자격
일학습병행자격,일학습,병행,자격
일학습병행자격,일학습,병행,자격
일학습병행자격,일학습,병행,자격
일학습병행자격,일학습,병행,자격
일학습병행자격,일학습,병행,자격
일학습병행자격,일학습,병행,자격
일학습병행자격,일학습,병행,자격
일학습병행자격,일학습,병행,자격
일학습병행자격,일학습,병행,자격
일학습병행자격,일학습,병행,자격
일학습병행자격,일학습,병행,자격
일학습병행자격,일학습,병행,자격
일학습병행자격,일학습,병행,자격
일학습병행자격,일학습,병행,자격
일학습병행자격,일학습,병행,자격
일학습병행자격,일학습,병행,자격
일학습병행자격,일학습,병행,자격
일학습병행자격,일학습,병행,자격
일학습병행자격,일학습,병행,자격
일학습병행자격,일학습,병행,자격
일학습병행자격,일학습,병행,자격
일학습병행자격,일학습,병행,자격
일학습병행자격,일학습,병행,자격
일학습병행자격,일학습,병행,자격
일학습병행자격,일학습,병행,자격
일학습병행자격,일학습,병행,자격
일학습병행자격,일학습,병행,자격
일학습병행자격,일학습,병행,자격
일학습병행자격,일학습,병행,자격
일학습병행자격,일학습,병행,자격
일학습병행자격,일학습,병행,자격
일학습병행자격,일학습,병행,자격
일학습병행자격,일학습,병행,자격
일학습병행자격,일학습,병행,자격
일학습병행자격,일학습,병행,자격
일학습병행자격,일학습,병행,자격
일학습병행자격,일학습,병행,자격
일학습병행자격,일학습,병행,자격
일학습병행자격,일학습,병행,자격
일학습병행자격,일학습,병행,자격
일학습병행자격,일학습,병행,자격
일학습병행자격,일학습,병행,자격
일학습병행자격,일학습,병행,자격
일학습병행자격,일학습,병행,자격
일학습병행자격,일학습,병행,자격
일학습병행자격,일학습,병행,자격
일학습병행자격,일학습,병행,자격
일학습병행자격,일학습,병행,자격
일학습병행자격,일학습,병행,자격
일학습병행자격,일학습,병행,자격
일학습병행자격,일학습,병행,자격
일학습병행자격,일학습,병행,자격
일학습병행자격,일학습,병행,자격
일학습병행자격,일학습,병행,자격
일학습병행자격,일학습,병행,자격
일학습병행자격,일학습,병행,자격
과정평가형자격,과정,평가형,자격
일학습병행자격,일학습,병행,자격
일학습병행자격,일학습,병행,자격
일학습병행자격,일학습,병행,자격
일학습병행자격,일학습,병행,자격
일학습병행자격,일학습,병행,자격
일학습병행자격,일학습,병행,자격
일학습병행자격,일학습,병행,자격
일학습병행자격,일학습,병행,자격
일학습병행자격,일학습,병행,자격
일학습병행자격,일학습,병행,자격
일학습병행자격,일학습,병행,자격
일학습병행자격,일학습,병행,자격
일학습병행자격,일학습,병행,자격
일학습병행자격,일학습,병행,자격
일학습병행자격,일학습,병행,자격
일학습병행자격,일학습,병행,자격
일학습병행자격,일학습,병행,자격
일학습병행자격,일학습,병행,자격
일학습병행자격,일학습,병행,자격
일학습병행자격,일학습,병행,자격
일학습병행자격,일학습,병행,자격
일학습병행자격,일학습,병행,자격
일학습병행자격,일학습,병행,자격
일학습병행자격,일학습,병행,자격
일학습병행자격,일학습,병행,자격
일학습병행자격,일학습,병행,자격
일학습병행자격,일학습,병행,자격
일학습병행자격,일학습,병행,자격
일학습병행자격,일학습,병행,자격
일학습병행자격,일학습,병행,자격
일학습병행자격,일학습,병행,자격
일학습병행자격,일학습,병행,자격
일학습병행자격,일학습,병행,자격
일학습병행자격,일학습,병행,자격
일학습병행자격,일학습,병행,자격
일학습병행자격,일학습,병행,자격
일학습병행자격,일학습,병행,자격
일학습병행자격,일학습,병행,자격
일학습병행자격,일학습,병행,자격
일학습병행자격,일학습,병행,자격
일학습병행자격,일학습,병행,자격
일학습병행자격,일학습,병행,자격
일학습병행자격,일학습,병행,자격
일학습병행자격,일학습,병행,자격
일학습병행자격,일학습,병행,자격
일학습병행자격,일학습,병행,자격
일학습병행자격,일학습,병행,자격
일학습병행자격,일학습,병행,자격
일학습병행자격,일학습,병행,자격
일학습병행자격,일학습,병행,자격
일학습병행자격,일학습,병행,자격
일학습병행자격,일학습,병행,자격
일학습병행자격,일학습,병행,자격
일학습병행자격,일학습,병행,자격
일학습병행자격,일학습,병행,자격
일학습병행자격,일학습,병행,자격
일학습병행자격,일학습,병행,자격
일학습병행자격,일학습,병행,자격
일학습병행자격,일학습,병행,자격
일학습병행자격,일학습,병행,자격
일학습병행자격,일학습,병행,자격
일학습병행자격,일학습,병행,자격
일학습병행자격,일학습,병행,자격
일학습병행자격,일학습,병행,자격
일학습병행자격,일학습,병행,자격
일학습병행자격,일학습,병행,자격
일학습병행자격,일학습,병행,자격
일학습병행자격,일학습,병행,자격
일학습병행자격,일학습,병행,자격
일학습병행자격,일학습,병행,자격
일학습병행자격,일학습,병행,자격
일학습병행자격,일학습,병행,자격
일학습병행자격,일학습,병행,자격
일학습병행자격,일학습,병행,자격
일학습병행자격,일학습,병행,자격
일학습병행자격,일학습,병행,자격
일학습병행자격,일학습,병행,자격
일학습병행자격,일학습,병행,자격
일학습병행자격,일학습,병행,자격
일학습병행자격,일학습,병행,자격
일학습병행자격,일학습,병행,자격
일학습병행자격,일학습,병행,자격
일학습병행자격,일학습,병행,자격
일학습병행자격,일학습,병행,자격
일학습병행자격,일학습,병행,자격
일학습병행자격,일학습,병행,자격
일학습병행자격,일학습,병행,자격
일학습병행자격,일학습,병행,자격
일학습병행자격,일학습,병행,자격
일학습병행자격,일학습,병행,자격
일학습병행자격,일학습,병행,자격
일학습병행자격,일학습,병행,자격
일학습병행자격,일학습,병행,자격
일학습병행자격,일학습,병행,자격
일학습병행자격,일학습,병행,자격
일학습병행자격,일학습,병행,자격
일학습병행자격,일학습,병행,자격
일학습병행자격,일학습,병행,자격
일학습병행자격,일학습,병행,자격
일학습병행자격,일학습,병행,자격
일학습병행자격,일학습,병행,자격
일학습병행자격,일학습,병행,자격
일학습병행자격,일학습,병행,자격
일학습병행자격,일학습,병행,자격
일학습병행자격,일학습,병행,자격
일학습병행자격,일학습,병행,자격
일학습병행자격,일학습,병행,자격
일학습병행자격,일학습,병행,자격
일학습병행자격,일학습,병행,자격
일학습병행자격,일학습,병행,자격
일학습병행자격,일학습,병행,자격
일학습병행자격,일학습,병행,자격
일학습병행자격,일학습,병행,자격
일학습병행자격,일학습,병행,자격
일학습병행자격,일학습,병행,자격
일학습병행자격,일학습,병행,자격
일학습병행자격,일학습,병행,자격
일학습병행자격,일학습,병행,자격
일학습병행자격,일학습,병행,자격
일학습병행자격,일학습,병행,자격
일학습병행자격,일학습,병행,자격
일학습병행자격,일학습,병행,자격
일학습병행자격,일학습,병행,자격
일학습병행자격,일학습,병행,자격
일학습병행자격,일학습,병행,자격
일학습병행자격,일학습,병행,자격
일학습병행자격,일학습,병행,자격
일학습병행자격,일학습,병행,자격
일학습병행자격,일학습,병행,자격
일학습병행자격,일학습,병행,자격
일학습병행자격,일학습,병행,자격
일학습병행자격,일학습,병행,자격
일학습병행자격,일학습,병행,자격
일학습병행자격,일학습,병행,자격
일학습병행자격,일학습,병행,자격
일학습병행자격,일학습,병행,자격
일학습병행자격,일학습,병행,자격
일학습병행자격,일학습,병행,자격
일학습병행자격,일학습,병행,자격
일학습병행자격,일학습,병행,자격
일학습병행자격,일학습,병행,자격
일학습병행자격,일학습,병행,자격
일학습병행자격,일학습,병행,자격
일학습병행자격,일학습,병행,자격
일학습병행자격,일학습,병행,자격
일학습병행자격,일학습,병행,자격
일학습병행자격,일학습,병행,자격
일학습병행자격,일학습,병행,자격
일학습병행자격,일학습,병행,자격
일학습병행자격,일학습,병행,자격
일학습병행자격,일학습,병행,자격
일학습병행자격,일학습,병행,자격
일학습병행자격,일학습,병행,자격
일학습병행자격,일학습,병행,자격
일학습병행자격,일학습,병행,자격
일학습병행자격,일학습,병행,자격
일학습병행자격,일학습,병행,자격
일학습병행자격,일학습,병행,자격
일학습병행자격,일학습,병행,자격
일학습병행자격,일학습,병행,자격
일학습병행자격,일학습,병행,자격
일학습병행자격,일학습,병행,자격
일학습병행자격,일학습,병행,자격
일학습병행자격,일학습,병행,자격
일학습병행자격,일학습,병행,자격
일학습병행자격,일학습,병행,자격
일학습병행자격,일학습,병행,자격
일학습병행자격,일학습,병행,자격
일학습병행자격,일학습,병행,자격
일학습병행자격,일학습,병행,자격
일학습병행자격,일학습,병행,자격
일학습병행자격,일학습,병행,자격
일학습병행자격,일학습,병행,자격
일학습병행자격,일학습,병행,자격
일학습병행자격,일학습,병행,자격
일학습병행자격,일학습,병행,자격
일학습병행자격,일학습,병행,자격
일학습병행자격,일학습,병행,자격
일학습병행자격,일학습,병행,자격
일학습병행자격,일학습,병행,자격
일학습병행자격,일학습,병행,자격
일학습병행자격,일학습,병행,자격
일학습병행자격,일학습,병행,자격
일학습병행자격,일학습,병행,자격
일학습병행자격,일학습,병행,자격
일학습병행자격,일학습,병행,자격
일학습병행자격,일학습,병행,자격
일학습병행자격,일학습,병행,자격
일학습병행자격,일학습,병행,자격
일학습병행자격,일학습,병행,자격
일학습병행자격,일학습,병행,자격
일학습병행자격,일학습,병행,자격
일학습병행자격,일학습,병행,자격
일학습병행자격,일학습,병행,자격
일학습병행자격,일학습,병행,자격
일학습병행자격,일학습,병행,자격
일학습병행자격,일학습,병행,자격
일학습병행자격,일학습,병행,자격
일학습병행자격,일학습,병행,자격
일학습병행자격,일학습,병행,자격
일학습병행자격,일학습,병행,자격
일학습병행자격,일학습,병행,자격
일학습병행자격,일학습,병행,자격
일학습병행자격,일학습,병행,자격
일학습병행자격,일학습,병행,자격
일학습병행자격,일학습,병행,자격
일학습병행자격,일학습,병행,자격
일학습병행자격,일학습,병행,자격
일학습병행자격,일학습,병행,자격
일학습병행자격,일학습,병행,자격
일학습병행자격,일학습,병행,자격
일학습병행자격,일학습,병행,자격
일학습병행자격,일학습,병행,자격
일학습병행자격,일학습,병행,자격
일학습병행자격,일학습,병행,자격
일학습병행자격,일학습,병행,자격
일학습병행자격,일학습,병행,자격
일학습병행자격,일학습,병행,자격
일학습병행자격,일학습,병행,자격
일학습병행자격,일학습,병행,자격
일학습병행자격,일학습,병행,자격
일학습병행자격,일학습,병행,자격
일학습병행자격,일학습,병행,자격
일학습병행자격,일학습,병행,자격
일학습병행자격,일학습,병행,자격
일학습병행자격,일학습,병행,자격
일학습병행자격,일학습,병행,자격
일학습병행자격,일학습,병행,자격
일학습병행자격,일학습,병행,자격
일학습병행자격,일학습,병행,자격
일학습병행자격,일학습,병행,자격
일학습병행자격,일학습,병행,자격
일학습병행자격,일학습,병행,자격
일학습병행자격,일학습,병행,자격
일학습병행자격,일학습,병행,자격
일학습병행자격,일학습,병행,자격
일학습병행자격,일학습,병행,자격
일학습병행자격,일학습,병행,자격
일학습병행자격,일학습,병행,자격
일학습병행자격,일학습,병행,자격
일학습병행자격,일학습,병행,자격
일학습병행자격,일학습,병행,자격
일학습병행자격,일학습,병행,자격
일학습병행자격,일학습,병행,자격
일학습병행자격,일학습,병행,자격
일학습병행자격,일학습,병행,자격
일학습병행자격,일학습,병행,자격
일학습병행자격,일학습,병행,자격
일학습병행자격,일학습,병행,자격
일학습병행자격,일학습,병행,자격
일학습병행자격,일학습,병행,자격
일학습병행자격,일학습,병행,자격
일학습병행자격,일학습,병행,자격
일학습병행자격,일학습,병행,자격
일학습병행자격,일학습,병행,자격
일학습병행자격,일학습,병행,자격
일학습병행자격,일학습,병행,자격
일학습병행자격,일학습,병행,자격
일학습병행자격,일학습,병행,자격
일학습병행자격,일학습,병행,자격
일학습병행자격,일학습,병행,자격
일학습병행자격,일학습,병행,자격
일학습병행자격,일학습,병행,자격
일학습병행자격,일학습,병행,자격
일학습병행자격,일학습,병행,자격
일학습병행자격,일학습,병행,자격
일학습병행자격,일학습,병행,자격
일학습병행자격,일학습,병행,자격
일학습병행자격,일학습,병행,자격
일학습병행자격,일학습,병행,자격
일학습병행자격,일학습,병행,자격
일학습병행자격,일학습,병행,자격
일학습병행자격,일학습,병행,자격
일학습병행자격,일학습,병행,자격
일학습병행자격,일학습,병행,자격
일학습병행자격,일학습,병행,자격
일학습병행자격,일학습,병행,자격
일학습병행자격,일학습,병행,자격
일학습병행자격,일학습,병행,자격
일학습병행자격,일학습,병행,자격
일학습병행자격,일학습,병행,자격
일학습병행자격,일학습,병행,자격
일학습병행자격,일학습,병행,자격
일학습병행자격,일학습,병행,자격
일학습병행자격,일학습,병행,자격
일학습병행자격,일학습,병행,자격
일학습병행자격,일학습,병행,자격
일학습병행자격,일학습,병행,자격
일학습병행자격,일학습,병행,자격
일학습병행자격,일학습,병행,자격
일학습병행자격,일학습,병행,자격
일학습병행자격,일학습,병행,자격
일학습병행자격,일학습,병행,자격
일학습병행자격,일학습,병행,자격
일학습병행자격,일학습,병행,자격
일학습병행자격,일학습,병행,자격
일학습병행자격,일학습,병행,자격
일학습병행자격,일학습,병행,자격
일학습병행자격,일학습,병행,자격
일학습병행자격,일학습,병행,자격
일학습병행자격,일학습,병행,자격
일학습병행자격,일학습,병행,자격
일학습병행자격,일학습,병행,자격
일학습병행자격,일학습,병행,자격
일학습병행자격,일학습,병행,자격
일학습병행자격,일학습,병행,자격
일학습병행자격,일학습,병행,자격
일학습병행자격,일학습,병행,자격
일학습병행자격,일학습,병행,자격
일학습병행자격,일학습,병행,자격
일학습병행자격,일학습,병행,자격
일학습병행자격,일학습,병행,자격
일학습병행자격,일학습,병행,자격
일학습병행자격,일학습,병행,자격
일학습병행자격,일학습,병행,자격
일학습병행자격,일학습,병행,자격
일학습병행자격,일학습,병행,자격
일학습병행자격,일학습,병행,자격
일학습병행자격,일학습,병행,자격
일학습병행자격,일학습,병행,자격
일학습병행자격,일학습,병행,자격
일학습병행자격,일학습,병행,자격
일학습병행자격,일학습,병행,자격
일학습병행자격,일학습,병행,자격
일학습병행자격,일학습,병행,자격
일학습병행자격,일학습,병행,자격
일학습병행자격,일학습,병행,자격
일학습병행자격,일학습,병행,자격
일학습병행자격,일학습,병행,자격
일학습병행자격,일학습,병행,자격
일학습병행자격,일학습,병행,자격
일학습병행자격,일학습,병행,자격
일학습병행자격,일학습,병행,자격
일학습병행자격,일학습,병행,자격
일학습병행자격,일학습,병행,자격
일학습병행자격,일학습,병행,자격
일학습병행자격,일학습,병행,자격
일학습병행자격,일학습,병행,자격
일학습병행자격,일학습,병행,자격
일학습병행자격,일학습,병행,자격
일학습병행자격,일학습,병행,자격
일학습병행자격,일학습,병행,자격
일학습병행자격,일학습,병행,자격
일학습병행자격,일학습,병행,자격
일학습병행자격,일학습,병행,자격
일학습병행자격,일학습,병행,자격
일학습병행자격,일학습,병행,자격
일학습병행자격,일학습,병행,자격
일학습병행자격,일학습,병행,자격
일학습병행자격,일학습,병행,자격
일학습병행자격,일학습,병행,자격
일학습병행자격,일학습,병행,자격
일학습병행자격,일학습,병행,자격
과정평가형자격,과정,평가형,자격
일학습병행자격,일학습,병행,자격
일학습병행자격,일학습,병행,자격
일학습병행자격,일학습,병행,자격
일학습병행자격,일학습,병행,자격
일학습병행자격,일학습,병행,자격
일학습병행자격,일학습,병행,자격
일학습병행자격,일학습,병행,자격
일학습병행자격,일학습,병행,자격
일학습병행자격,일학습,병행,자격
일학습병행자격,일학습,병행,자격
일학습병행자격,일학습,병행,자격
일학습병행자격,일학습,병행,자격
일학습병행자격,일학습,병행,자격
일학습병행자격,일학습,병행,자격
일학습병행자격,일학습,병행,자격
일학습병행자격,일학습,병행,자격
일학습병행자격,일학습,병행,자격
일학습병행자격,일학습,병행,자격
일학습병행자격,일학습,병행,자격
일학습병행자격,일학습,병행,자격
일학습병행자격,일학습,병행,자격
일학습병행자격,일학습,병행,자격
일학습병행자격,일학습,병행,자격
일학습병행자격,일학습,병행,자격
일학습병행자격,일학습,병행,자격
일학습병행자격,일학습,병행,자격
일학습병행자격,일학습,병행,자격
일학습병행자격,일학습,병행,자격
일학습병행자격,일학습,병행,자격
일학습병행자격,일학습,병행,자격
일학습병행자격,일학습,병행,자격
일학습병행자격,일학습,병행,자격
일학습병행자격,일학습,병행,자격
일학습병행자격,일학습,병행,자격
일학습병행자격,일학습,병행,자격
일학습병행자격,일학습,병행,자격
일학습병행자격,일학습,병행,자격
일학습병행자격,일학습,병행,자격
일학습병행자격,일학습,병행,자격
일학습병행자격,일학습,병행,자격
일학습병행자격,일학습,병행,자격
일학습병행자격,일학습,병행,자격
일학습병행자격,일학습,병행,자격
일학습병행자격,일학습,병행,자격
일학습병행자격,일학습,병행,자격
일학습병행자격,일학습,병행,자격
일학습병행자격,일학습,병행,자격
과정평가형자격,과정,평가형,자격
과정평가형자격,과정,평가형,자격
과정평가형자격,과정,평가형,자격
과정평가형자격,과정,평가형,자격
일학습병행자격,일학습,병행,자격
일학습병행자격,일학습,병행,자격
일학습병행자격,일학습,병행,자격
일학습병행자격,일학습,병행,자격
일학습병행자격,일학습,병행,자격
일학습병행자격,일학습,병행,자격
일학습병행자격,일학습,병행,자격
일학습병행자격,일학습,병행,자격
일학습병행자격,일학습,병행,자격
일학습병행자격,일학습,병행,자격
일학습병행자격,일학습,병행,자격
일학습병행자격,일학습,병행,자격
일학습병행자격,일학습,병행,자격
일학습병행자격,일학습,병행,자격
일학습병행자격,일학습,병행,자격
일학습병행자격,일학습,병행,자격
일학습병행자격,일학습,병행,자격
일학습병행자격,일학습,병행,자격
일학습병행자격,일학습,병행,자격
일학습병행자격,일학습,병행,자격
일학습병행자격,일학습,병행,자격
일학습병행자격,일학습,병행,자격
일학습병행자격,일학습,병행,자격
일학습병행자격,일학습,병행,자격
일학습병행자격,일학습,병행,자격
일학습병행자격,일학습,병행,자격
과정평가형자격,과정,평가형,자격
과정평가형자격,과정,평가형,자격
일학습병행자격,일학습,병행,자격
일학습병행자격,일학습,병행,자격
일학습병행자격,일학습,병행,자격
일학습병행자격,일학습,병행,자격
일학습병행자격,일학습,병행,자격
일학습병행자격,일학습,병행,자격
일학습병행자격,일학습,병행,자격
일학습병행자격,일학습,병행,자격
일학습병행자격,일학습,병행,자격
일학습병행자격,일학습,병행,자격
일학습병행자격,일학습,병행,자격
일학습병행자격,일학습,병행,자격
일학습병행자격,일학습,병행,자격
일학습병행자격,일학습,병행,자격
일학습병행자격,일학습,병행,자격
일학습병행자격,일학습,병행,자격
일학습병행자격,일학습,병행,자격
일학습병행자격,일학습,병행,자격
일학습병행자격,일학습,병행,자격
일학습병행자격,일학습,병행,자격
일학습병행자격,일학습,병행,자격
일학습병행자격,일학습,병행,자격
일학습병행자격,일학습,병행,자격
일학습병행자격,일학습,병행,자격
일학습병행자격,일학습,병행,자격
일학습병행자격,일학습,병행,자격
일학습병행자격,일학습,병행,자격
일학습병행자격,일학습,병행,자격
일학습병행자격,일학습,병행,자격
일학습병행자격,일학습,병행,자격
일학습병행자격,일학습,병행,자격
일학습병행자격,일학습,병행,자격
일학습병행자격,일학습,병행,자격
일학습병행자격,일학습,병행,자격
일학습병행자격,일학습,병행,자격
일학습병행자격,일학습,병행,자격
일학습병행자격,일학습,병행,자격
일학습병행자격,일학습,병행,자격
일학습병행자격,일학습,병행,자격
일학습병행자격,일학습,병행,자격
일학습병행자격,일학습,병행,자격
일학습병행자격,일학습,병행,자격
일학습병행자격,일학습,병행,자격
일학습병행자격,일학습,병행,자격
일학습병행자격,일학습,병행,자격
일학습병행자격,일학습,병행,자격
일학습병행자격,일학습,병행,자격
일학습병행자격,일학습,병행,자격
일학습병행자격,일학습,병행,자격
일학습병행자격,일학습,병행,자격
일학습병행자격,일학습,병행,자격
일학습병행자격,일학습,병행,자격
일학습병행자격,일학습,병행,자격
일학습병행자격,일학습,병행,자격
일학습병행자격,일학습,병행,자격
일학습병행자격,일학습,병행,자격
일학습병행자격,일학습,병행,자격
일학습병행자격,일학습,병행,자격
일학습병행자격,일학습,병행,자격
일학습병행자격,일학습,병행,자격
일학습병행자격,일학습,병행,자격
일학습병행자격,일학습,병행,자격
일학습병행자격,일학습,병행,자격
일학습병행자격,일학습,병행,자격
일학습병행자격,일학습,병행,자격
일학습병행자격,일학습,병행,자격
일학습병행자격,일학습,병행,자격
일학습병행자격,일학습,병행,자격
일학습병행자격,일학습,병행,자격
일학습병행자격,일학습,병행,자격
일학습병행자격,일학습,병행,자격
일학습병행자격,일학습,병행,자격
일학습병행자격,일학습,병행,자격
일학습병행자격,일학습,병행,자격
일학습병행자격,일학습,병행,자격
일학습병행자격,일학습,병행,자격
일학습병행자격,일학습,병행,자격
일학습병행자격,일학습,병행,자격
일학습병행자격,일학습,병행,자격
일학습병행자격,일학습,병행,자격
일학습병행자격,일학습,병행,자격
일학습병행자격,일학습,병행,자격
일학습병행자격,일학습,병행,자격
일학습병행자격,일학습,병행,자격
일학습병행자격,일학습,병행,자격
일학습병행자격,일학습,병행,자격
일학습병행자격,일학습,병행,자격
일학습병행자격,일학습,병행,자격
일학습병행자격,일학습,병행,자격
일학습병행자격,일학습,병행,자격
일학습병행자격,일학습,병행,자격
일학습병행자격,일학습,병행,자격
일학습병행자격,일학습,병행,자격
일학습병행자격,일학습,병행,자격
일학습병행자격,일학습,병행,자격
일학습병행자격,일학습,병행,자격
일학습병행자격,일학습,병행,자격
일학습병행자격,일학습,병행,자격
일학습병행자격,일학습,병행,자격
일학습병행자격,일학습,병행,자격
일학습병행자격,일학습,병행,자격
일학습병행자격,일학습,병행,자격
일학습병행자격,일학습,병행,자격
일학습병행자격,일학습,병행,자격
일학습병행자격,일학습,병행,자격
일학습병행자격,일학습,병행,자격
일학습병행자격,일학습,병행,자격
일학습병행자격,일학습,병행,자격
일학습병행자격,일학습,병행,자격
일학습병행자격,일학습,병행,자격
일학습병행자격,일학습,병행,자격
일학습병행자격,일학습,병행,자격
일학습병행자격,일학습,병행,자격
일학습병행자격,일학습,병행,자격
일학습병행자격,일학습,병행,자격
일학습병행자격,일학습,병행,자격
일학습병행자격,일학습,병행,자격
일학습병행자격,일학습,병행,자격
일학습병행자격,일학습,병행,자격
일학습병행자격,일학습,병행,자격
일학습병행자격,일학습,병행,자격
일학습병행자격,일학습,병행,자격
일학습병행자격,일학습,병행,자격
일학습병행자격,일학습,병행,자격
일학습병행자격,일학습,병행,자격
일학습병행자격,일학습,병행,자격
일학습병행자격,일학습,병행,자격
일학습병행자격,일학습,병행,자격
일학습병행자격,일학습,병행,자격
일학습병행자격,일학습,병행,자격
일학습병행자격,일학습,병행,자격
일학습병행자격,일학습,병행,자격
일학습병행자격,일학습,병행,자격
일학습병행자격,일학습,병행,자격
일학습병행자격,일학습,병행,자격
일학습병행자격,일학습,병행,자격
일학습병행자격,일학습,병행,자격
일학습병행자격,일학습,병행,자격
일학습병행자격,일학습,병행,자격
일학습병행자격,일학습,병행,자격
일학습병행자격,일학습,병행,자격
일학습병행자격,일학습,병행,자격
일학습병행자격,일학습,병행,자격
일학습병행자격,일학습,병행,자격
일학습병행자격,일학습,병행,자격
일학습병행자격,일학습,병행,자격
일학습병행자격,일학습,병행,자격
일학습병행자격,일학습,병행,자격
일학습병행자격,일학습,병행,자격
일학습병행자격,일학습,병행,자격
일학습병행자격,일학습,병행,자격
일학습병행자격,일학습,병행,자격
일학습병행자격,일학습,병행,자격
일학습병행자격,일학습,병행,자격
일학습병행자격,일학습,병행,자격
일학습병행자격,일학습,병행,자격
일학습병행자격,일학습,병행,자격
일학습병행자격,일학습,병행,자격
일학습병행자격,일학습,병행,자격
일학습병행자격,일학습,병행,자격
일학습병행자격,일학습,병행,자격
일학습병행자격,일학습,병행,자격
일학습병행자격,일학습,병행,자격
일학습병행자격,일학습,병행,자격
일학습병행자격,일학습,병행,자격
일학습병행자격,일학습,병행,자격
일학습병행자격,일학습,병행,자격
일학습병행자격,일학습,병행,자격
일학습병행자격,일학습,병행,자격
일학습병행자격,일학습,병행,자격
일학습병행자격,일학습,병행,자격
일학습병행자격,일학습,병행,자격
일학습병행자격,일학습,병행,자격
일학습병행자격,일학습,병행,자격
일학습병행자격,일학습,병행,자격
일학습병행자격,일학습,병행,자격
일학습병행자격,일학습,병행,자격
일학습병행자격,일학습,병행,자격
일학습병행자격,일학습,병행,자격
일학습병행자격,일학습,병행,자격
일학습병행자격,일학습,병행,자격
일학습병행자격,일학습,병행,자격
일학습병행자격,일학습,병행,자격
일학습병행자격,일학습,병행,자격
일학습병행자격,일학습,병행,자격
일학습병행자격,일학습,병행,자격
일학습병행자격,일학습,병행,자격
일학습병행자격,일학습,병행,자격
일학습병행자격,일학습,병행,자격
일학습병행자격,일학습,병행,자격
일학습병행자격,일학습,병행,자격
일학습병행자격,일학습,병행,자격
일학습병행자격,일학습,병행,자격
일학습병행자격,일학습,병행,자격
일학습병행자격,일학습,병행,자격
일학습병행자격,일학습,병행,자격
일학습병행자격,일학습,병행,자격
일학습병행자격,일학습,병행,자격
일학습병행자격,일학습,병행,자격
일학습병행자격,일학습,병행,자격
일학습병행자격,일학습,병행,자격
일학습병행자격,일학습,병행,자격
일학습병행자격,일학습,병행,자격
일학습병행자격,일학습,병행,자격
일학습병행자격,일학습,병행,자격
일학습병행자격,일학습,병행,자격
일학습병행자격,일학습,병행,자격
일학습병행자격,일학습,병행,자격
일학습병행자격,일학습,병행,자격
일학습병행자격,일학습,병행,자격
일학습병행자격,일학습,병행,자격
일학습병행자격,일학습,병행,자격
일학습병행자격,일학습,병행,자격
일학습병행자격,일학습,병행,자격
일학습병행자격,일학습,병행,자격
일학습병행자격,일학습,병행,자격
일학습병행자격,일학습,병행,자격
일학습병행자격,일학습,병행,자격
일학습병행자격,일학습,병행,자격
과정평가형자격,과정,평가형,자격
과정평가형자격,과정,평가형,자격
과정평가형자격,과정,평가형,자격
과정평가형자격,과정,평가형,자격
일학습병행자격,일학습,병행,자격
일학습병행자격,일학습,병행,자격
일학습병행자격,일학습,병행,자격
일학습병행자격,일학습,병행,자격
일학습병행자격,일학습,병행,자격
일학습병행자격,일학습,병행,자격
일학습병행자격,일학습,병행,자격
일학습병행자격,일학습,병행,자격
일학습병행자격,일학습,병행,자격
일학습병행자격,일학습,병행,자격
일학습병행자격,일학습,병행,자격
일학습병행자격,일학습,병행,자격
일학습병행자격,일학습,병행,자격
일학습병행자격,일학습,병행,자격
일학습병행자격,일학습,병행,자격
일학습병행자격,일학습,병행,자격
일학습병행자격,일학습,병행,자격
일학습병행자격,일학습,병행,자격
일학습병행자격,일학습,병행,자격
일학습병행자격,일학습,병행,자격
일학습병행자격,일학습,병행,자격
일학습병행자격,일학습,병행,자격
일학습병행자격,일학습,병행,자격
일학습병행자격,일학습,병행,자격
일학습병행자격,일학습,병행,자격
일학습병행자격,일학습,병행,자격
일학습병행자격,일학습,병행,자격
일학습병행자격,일학습,병행,자격
일학습병행자격,일학습,병행,자격
일학습병행자격,일학습,병행,자격
일학습병행자격,일학습,병행,자격
일학습병행자격,일학습,병행,자격
일학습병행자격,일학습,병행,자격
일학습병행자격,일학습,병행,자격
일학습병행자격,일학습,병행,자격
일학습병행자격,일학습,병행,자격
일학습병행자격,일학습,병행,자격
일학습병행자격,일학습,병행,자격
일학습병행자격,일학습,병행,자격
일학습병행자격,일학습,병행,자격
일학습병행자격,일학습,병행,자격
일학습병행자격,일학습,병행,자격
일학습병행자격,일학습,병행,자격
일학습병행자격,일학습,병행,자격
일학습병행자격,일학습,병행,자격
일학습병행자격,일학습,병행,자격
일학습병행자격,일학습,병행,자격
일학습병행자격,일학습,병행,자격
일학습병행자격,일학습,병행,자격
일학습병행자격,일학습,병행,자격
일학습병행자격,일학습,병행,자격
일학습병행자격,일학습,병행,자격
일학습병행자격,일학습,병행,자격
일학습병행자격,일학습,병행,자격
일학습병행자격,일학습,병행,자격
일학습병행자격,일학습,병행,자격
일학습병행자격,일학습,병행,자격
일학습병행자격,일학습,병행,자격
일학습병행자격,일학습,병행,자격
일학습병행자격,일학습,병행,자격
일학습병행자격,일학습,병행,자격
일학습병행자격,일학습,병행,자격
일학습병행자격,일학습,병행,자격
일학습병행자격,일학습,병행,자격
일학습병행자격,일학습,병행,자격
일학습병행자격,일학습,병행,자격
일학습병행자격,일학습,병행,자격
일학습병행자격,일학습,병행,자격
일학습병행자격,일학습,병행,자격
일학습병행자격,일학습,병행,자격
일학습병행자격,일학습,병행,자격
일학습병행자격,일학습,병행,자격
일학습병행자격,일학습,병행,자격
일학습병행자격,일학습,병행,자격
일학습병행자격,일학습,병행,자격
일학습병행자격,일학습,병행,자격
일학습병행자격,일학습,병행,자격
일학습병행자격,일학습,병행,자격
일학습병행자격,일학습,병행,자격
일학습병행자격,일학습,병행,자격
일학습병행자격,일학습,병행,자격
일학습병행자격,일학습,병행,자격
일학습병행자격,일학습,병행,자격
일학습병행자격,일학습,병행,자격
일학습병행자격,일학습,병행,자격
일학습병행자격,일학습,병행,자격
일학습병행자격,일학습,병행,자격
일학습병행자격,일학습,병행,자격
일학습병행자격,일학습,병행,자격
일학습병행자격,일학습,병행,자격
일학습병행자격,일학습,병행,자격
일학습병행자격,일학습,병행,자격
일학습병행자격,일학습,병행,자격
일학습병행자격,일학습,병행,자격
일학습병행자격,일학습,병행,자격
일학습병행자격,일학습,병행,자격
일학습병행자격,일학습,병행,자격
일학습병행자격,일학습,병행,자격
일학습병행자격,일학습,병행,자격
일학습병행자격,일학습,병행,자격
일학습병행자격,일학습,병행,자격
일학습병행자격,일학습,병행,자격
일학습병행자격,일학습,병행,자격
일학습병행자격,일학습,병행,자격
일학습병행자격,일학습,병행,자격
일학습병행자격,일학습,병행,자격
일학습병행자격,일학습,병행,자격
일학습병행자격,일학습,병행,자격
일학습병행자격,일학습,병행,자격
일학습병행자격,일학습,병행,자격
일학습병행자격,일학습,병행,자격
일학습병행자격,일학습,병행,자격
일학습병행자격,일학습,병행,자격
일학습병행자격,일학습,병행,자격
일학습병행자격,일학습,병행,자격
일학습병행자격,일학습,병행,자격
일학습병행자격,일학습,병행,자격
일학습병행자격,일학습,병행,자격
일학습병행자격,일학습,병행,자격
일학습병행자격,일학습,병행,자격
일학습병행자격,일학습,병행,자격
일학습병행자격,일학습,병행,자격
일학습병행자격,일학습,병행,자격
일학습병행자격,일학습,병행,자격
일학습병행자격,일학습,병행,자격
일학습병행자격,일학습,병행,자격
일학습병행자격,일학습,병행,자격
일학습병행자격,일학습,병행,자격
일학습병행자격,일학습,병행,자격
일학습병행자격,일학습,병행,자격
일학습병행자격,일학습,병행,자격
일학습병행자격,일학습,병행,자격
일학습병행자격,일학습,병행,자격
일학습병행자격,일학습,병행,자격
일학습병행자격,일학습,병행,자격
일학습병행자격,일학습,병행,자격
일학습병행자격,일학습,병행,자격
일학습병행자격,일학습,병행,자격
일학습병행자격,일학습,병행,자격
일학습병행자격,일학습,병행,자격
일학습병행자격,일학습,병행,자격
일학습병행자격,일학습,병행,자격
일학습병행자격,일학습,병행,자격
일학습병행자격,일학습,병행,자격
일학습병행자격,일학습,병행,자격
일학습병행자격,일학습,병행,자격
일학습병행자격,일학습,병행,자격
일학습병행자격,일학습,병행,자격
일학습병행자격,일학습,병행,자격
일학습병행자격,일학습,병행,자격
일학습병행자격,일학습,병행,자격
일학습병행자격,일학습,병행,자격
일학습병행자격,일학습,병행,자격
일학습병행자격,일학습,병행,자격
일학습병행자격,일학습,병행,자격
일학습병행자격,일학습,병행,자격
일학습병행자격,일학습,병행,자격
일학습병행자격,일학습,병행,자격
일학습병행자격,일학습,병행,자격
일학습병행자격,일학습,병행,자격
일학습병행자격,일학습,병행,자격
일학습병행자격,일학습,병행,자격
일학습병행자격,일학습,병행,자격
일학습병행자격,일학습,병행,자격
일학습병행자격,일학습,병행,자격
일학습병행자격,일학습,병행,자격
일학습병행자격,일학습,병행,자격
일학습병행자격,일학습,병행,자격
일학습병행자격,일학습,병행,자격
일학습병행자격,일학습,병행,자격
일학습병행자격,일학습,병행,자격
일학습병행자격,일학습,병행,자격
일학습병행자격,일학습,병행,자격
일학습병행자격,일학습,병행,자격
일학습병행자격,일학습,병행,자격
일학습병행자격,일학습,병행,자격
일학습병행자격,일학습,병행,자격
일학습병행자격,일학습,병행,자격
일학습병행자격,일학습,병행,자격
일학습병행자격,일학습,병행,자격
일학습병행자격,일학습,병행,자격
일학습병행자격,일학습,병행,자격
일학습병행자격,일학습,병행,자격
일학습병행자격,일학습,병행,자격
일학습병행자격,일학습,병행,자격
일학습병행자격,일학습,병행,자격
일학습병행자격,일학습,병행,자격
일학습병행자격,일학습,병행,자격
일학습병행자격,일학습,병행,자격
일학습병행자격,일학습,병행,자격
일학습병행자격,일학습,병행,자격
일학습병행자격,일학습,병행,자격
일학습병행자격,일학습,병행,자격
일학습병행자격,일학습,병행,자격
일학습병행자격,일학습,병행,자격
일학습병행자격,일학습,병행,자격
일학습병행자격,일학습,병행,자격
일학습병행자격,일학습,병행,자격
일학습병행자격,일학습,병행,자격
일학습병행자격,일학습,병행,자격
일학습병행자격,일학습,병행,자격
일학습병행자격,일학습,병행,자격
일학습병행자격,일학습,병행,자격
일학습병행자격,일학습,병행,자격
일학습병행자격,일학습,병행,자격
일학습병행자격,일학습,병행,자격
일학습병행자격,일학습,병행,자격
일학습병행자격,일학습,병행,자격
일학습병행자격,일학습,병행,자격
일학습병행자격,일학습,병행,자격
일학습병행자격,일학습,병행,자격
일학습병행자격,일학습,병행,자격
일학습병행자격,일학습,병행,자격
일학습병행자격,일학습,병행,자격
일학습병행자격,일학습,병행,자격
일학습병행자격,일학습,병행,자격
국가전문자격,국가,전문,자격
일학습병행자격,일학습,병행,자격
일학습병행자격,일학습,병행,자격
일학습병행자격,일학습,병행,자격
일학습병행자격,일학습,병행,자격
일학습병행자격,일학습,병행,자격
일학습병행자격,일학습,병행,자격
일학습병행자격,일학습,병행,자격
일학습병행자격,일학습,병행,자격
일학습병행자격,일학습,병행,자격
일학습병행자격,일학습,병행,자격
일학습병행자격,일학습,병행,자격
일학습병행자격,일학습,병행,자격
일학습병행자격,일학습,병행,자격
일학습병행자격,일학습,병행,자격
일학습병행자격,일학습,병행,자격
일학습병행자격,일학습,병행,자격
일학습병행자격,일학습,병행,자격
일학습병행자격,일학습,병행,자격
일학습병행자격,일학습,병행,자격
일학습병행자격,일학습,병행,자격
일학습병행자격,일학습,병행,자격
일학습병행자격,일학습,병행,자격
일학습병행자격,일학습,병행,자격
일학습병행자격,일학습,병행,자격
일학습병행자격,일학습,병행,자격
일학습병행자격,일학습,병행,자격
일학습병행자격,일학습,병행,자격
일학습병행자격,일학습,병행,자격
일학습병행자격,일학습,병행,자격
일학습병행자격,일학습,병행,자격
일학습병행자격,일학습,병행,자격
일학습병행자격,일학습,병행,자격
일학습병행자격,일학습,병행,자격
일학습병행자격,일학습,병행,자격
일학습병행자격,일학습,병행,자격
일학습병행자격,일학습,병행,자격
일학습병행자격,일학습,병행,자격
일학습병행자격,일학습,병행,자격
일학습병행자격,일학습,병행,자격
일학습병행자격,일학습,병행,자격
일학습병행자격,일학습,병행,자격
일학습병행자격,일학습,병행,자격
일학습병행자격,일학습,병행,자격
일학습병행자격,일학습,병행,자격
일학습병행자격,일학습,병행,자격
일학습병행자격,일학습,병행,자격
일학습병행자격,일학습,병행,자격
일학습병행자격,일학습,병행,자격
일학습병행자격,일학습,병행,자격
일학습병행자격,일학습,병행,자격
일학습병행자격,일학습,병행,자격
일학습병행자격,일학습,병행,자격
일학습병행자격,일학습,병행,자격
일학습병행자격,일학습,병행,자격
일학습병행자격,일학습,병행,자격
일학습병행자격,일학습,병행,자격
일학습병행자격,일학습,병행,자격
일학습병행자격,일학습,병행,자격
일학습병행자격,일학습,병행,자격
일학습병행자격,일학습,병행,자격
일학습병행자격,일학습,병행,자격
일학습병행자격,일학습,병행,자격
일학습병행자격,일학습,병행,자격
일학습병행자격,일학습,병행,자격
일학습병행자격,일학습,병행,자격
일학습병행자격,일학습,병행,자격
일학습병행자격,일학습,병행,자격
일학습병행자격,일학습,병행,자격
일학습병행자격,일학습,병행,자격
일학습병행자격,일학습,병행,자격
일학습병행자격,일학습,병행,자격
일학습병행자격,일학습,병행,자격
일학습병행자격,일학습,병행,자격
일학습병행자격,일학습,병행,자격
일학습병행자격,일학습,병행,자격
일학습병행자격,일학습,병행,자격
일학습병행자격,일학습,병행,자격
일학습병행자격,일학습,병행,자격
일학습병행자격,일학습,병행,자격
일학습병행자격,일학습,병행,자격
일학습병행자격,일학습,병행,자격
일학습병행자격,일학습,병행,자격
일학습병행자격,일학습,병행,자격
일학습병행자격,일학습,병행,자격
일학습병행자격,일학습,병행,자격
일학습병행자격,일학습,병행,자격
일학습병행자격,일학습,병행,자격
일학습병행자격,일학습,병행,자격
일학습병행자격,일학습,병행,자격
일학습병행자격,일학습,병행,자격
일학습병행자격,일학습,병행,자격
일학습병행자격,일학습,병행,자격
일학습병행자격,일학습,병행,자격
일학습병행자격,일학습,병행,자격
일학습병행자격,일학습,병행,자격
일학습병행자격,일학습,병행,자격
일학습병행자격,일학습,병행,자격
일학습병행자격,일학습,병행,자격
일학습병행자격,일학습,병행,자격
일학습병행자격,일학습,병행,자격
일학습병행자격,일학습,병행,자격
일학습병행자격,일학습,병행,자격
일학습병행자격,일학습,병행,자격
일학습병행자격,일학습,병행,자격
일학습병행자격,일학습,병행,자격
일학습병행자격,일학습,병행,자격
일학습병행자격,일학습,병행,자격
일학습병행자격,일학습,병행,자격
일학습병행자격,일학습,병행,자격
일학습병행자격,일학습,병행,자격
일학습병행자격,일학습,병행,자격
일학습병행자격,일학습,병행,자격
일학습병행자격,일학습,병행,자격
일학습병행자격,일학습,병행,자격
일학습병행자격,일학습,병행,자격
일학습병행자격,일학습,병행,자격
일학습병행자격,일학습,병행,자격
일학습병행자격,일학습,병행,자격
일학습병행자격,일학습,병행,자격
일학습병행자격,일학습,병행,자격
일학습병행자격,일학습,병행,자격
일학습병행자격,일학습,병행,자격
일학습병행자격,일학습,병행,자격
일학습병행자격,일학습,병행,자격
일학습병행자격,일학습,병행,자격
일학습병행자격,일학습,병행,자격
일학습병행자격,일학습,병행,자격
일학습병행자격,일학습,병행,자격
일학습병행자격,일학습,병행,자격
일학습병행자격,일학습,병행,자격
일학습병행자격,일학습,병행,자격
일학습병행자격,일학습,병행,자격
일학습병행자격,일학습,병행,자격
일학습병행자격,일학습,병행,자격
일학습병행자격,일학습,병행,자격
일학습병행자격,일학습,병행,자격
일학습병행자격,일학습,병행,자격
일학습병행자격,일학습,병행,자격
일학습병행자격,일학습,병행,자격
일학습병행자격,일학습,병행,자격
일학습병행자격,일학습,병행,자격
일학습병행자격,일학습,병행,자격
일학습병행자격,일학습,병행,자격
일학습병행자격,일학습,병행,자격
일학습병행자격,일학습,병행,자격
일학습병행자격,일학습,병행,자격
일학습병행자격,일학습,병행,자격
일학습병행자격,일학습,병행,자격
일학습병행자격,일학습,병행,자격
일학습병행자격,일학습,병행,자격
일학습병행자격,일학습,병행,자격
일학습병행자격,일학습,병행,자격
일학습병행자격,일학습,병행,자격
일학습병행자격,일학습,병행,자격
일학습병행자격,일학습,병행,자격
일학습병행자격,일학습,병행,자격
일학습병행자격,일학습,병행,자격
일학습병행자격,일학습,병행,자격
일학습병행자격,일학습,병행,자격
일학습병행자격,일학습,병행,자격
일학습병행자격,일학습,병행,자격
일학습병행자격,일학습,병행,자격
일학습병행자격,일학습,병행,자격
일학습병행자격,일학습,병행,자격
일학습병행자격,일학습,병행,자격
일학습병행자격,일학습,병행,자격
일학습병행자격,일학습,병행,자격
일학습병행자격,일학습,병행,자격
일학습병행자격,일학습,병행,자격
일학습병행자격,일학습,병행,자격
일학습병행자격,일학습,병행,자격
일학습병행자격,일학습,병행,자격
일학습병행자격,일학습,병행,자격
일학습병행자격,일학습,병행,자격
일학습병행자격,일학습,병행,자격
일학습병행자격,일학습,병행,자격
일학습병행자격,일학습,병행,자격
일학습병행자격,일학습,병행,자격
일학습병행자격,일학습,병행,자격
일학습병행자격,일학습,병행,자격
일학습병행자격,일학습,병행,자격
일학습병행자격,일학습,병행,자격
일학습병행자격,일학습,병행,자격
일학습병행자격,일학습,병행,자격
일학습병행자격,일학습,병행,자격
일학습병행자격,일학습,병행,자격
일학습병행자격,일학습,병행,자격
일학습병행자격,일학습,병행,자격
일학습병행자격,일학습,병행,자격
일학습병행자격,일학습,병행,자격
일학습병행자격,일학습,병행,자격
일학습병행자격,일학습,병행,자격
일학습병행자격,일학습,병행,자격
일학습병행자격,일학습,병행,자격
일학습병행자격,일학습,병행,자격
일학습병행자격,일학습,병행,자격
일학습병행자격,일학습,병행,자격
일학습병행자격,일학습,병행,자격
일학습병행자격,일학습,병행,자격
일학습병행자격,일학습,병행,자격
일학습병행자격,일학습,병행,자격
일학습병행자격,일학습,병행,자격
일학습병행자격,일학습,병행,자격
일학습병행자격,일학습,병행,자격
일학습병행자격,일학습,병행,자격
일학습병행자격,일학습,병행,자격
일학습병행자격,일학습,병행,자격
일학습병행자격,일학습,병행,자격
일학습병행자격,일학습,병행,자격
일학습병행자격,일학습,병행,자격
일학습병행자격,일학습,병행,자격
일학습병행자격,일학습,병행,자격
일학습병행자격,일학습,병행,자격
일학습병행자격,일학습,병행,자격
일학습병행자격,일학습,병행,자격
일학습병행자격,일학습,병행,자격
일학습병행자격,일학습,병행,자격
일학습병행자격,일학습,병행,자격
일학습병행자격,일학습,병행,자격
일학습병행자격,일학습,병행,자격
일학습병행자격,일학습,병행,자격
일학습병행자격,일학습,병행,자격
일학습병행자격,일학습,병행,자격
일학습병행자격,일학습,병행,자격
일학습병행자격,일학습,병행,자격
일학습병행자격,일학습,병행,자격
일학습병행자격,일학습,병행,자격
일학습병행자격,일학습,병행,자격
일학습병행자격,일학습,병행,자격
일학습병행자격,일학습,병행,자격
일학습병행자격,일학습,병행,자격
일학습병행자격,일학습,병행,자격
일학습병행자격,일학습,병행,자격
일학습병행자격,일학습,병행,자격
일학습병행자격,일학습,병행,자격
일학습병행자격,일학습,병행,자격
일학습병행자격,일학습,병행,자격
일학습병행자격,일학습,병행,자격
일학습병행자격,일학습,병행,자격
일학습병행자격,일학습,병행,자격
일학습병행자격,일학습,병행,자격
일학습병행자격,일학습,병행,자격
일학습병행자격,일학습,병행,자격
일학습병행자격,일학습,병행,자격
일학습병행자격,일학습,병행,자격
일학습병행자격,일학습,병행,자격
일학습병행자격,일학습,병행,자격
일학습병행자격,일학습,병행,자격
일학습병행자격,일학습,병행,자격
일학습병행자격,일학습,병행,자격
일학습병행자격,일학습,병행,자격
일학습병행자격,일학습,병행,자격
일학습병행자격,일학습,병행,자격
일학습병행자격,일학습,병행,자격
일학습병행자격,일학습,병행,자격
일학습병행자격,일학습,병행,자격
일학습병행자격,일학습,병행,자격
일학습병행자격,일학습,병행,자격
일학습병행자격,일학습,병행,자격
일학습병행자격,일학습,병행,자격
일학습병행자격,일학습,병행,자격
일학습병행자격,일학습,병행,자격
일학습병행자격,일학습,병행,자격
일학습병행자격,일학습,병행,자격
일학습병행자격,일학습,병행,자격
일학습병행자격,일학습,병행,자격
일학습병행자격,일학습,병행,자격
일학습병행자격,일학습,병행,자격
일학습병행자격,일학습,병행,자격
일학습병행자격,일학습,병행,자격
일학습병행자격,일학습,병행,자격
일학습병행자격,일학습,병행,자격
일학습병행자격,일학습,병행,자격
일학습병행자격,일학습,병행,자격
일학습병행자격,일학습,병행,자격
일학습병행자격,일학습,병행,자격
일학습병행자격,일학습,병행,자격
일학습병행자격,일학습,병행,자격
일학습병행자격,일학습,병행,자격
일학습병행자격,일학습,병행,자격
일학습병행자격,일학습,병행,자격
일학습병행자격,일학습,병행,자격
일학습병행자격,일학습,병행,자격
일학습병행자격,일학습,병행,자격
일학습병행자격,일학습,병행,자격
일학습병행자격,일학습,병행,자격
일학습병행자격,일학습,병행,자격
일학습병행자격,일학습,병행,자격
일학습병행자격,일학습,병행,자격
일학습병행자격,일학습,병행,자격
일학습병행자격,일학습,병행,자격
일학습병행자격,일학습,병행,자격
일학습병행자격,일학습,병행,자격
일학습병행자격,일학습,병행,자격
일학습병행자격,일학습,병행,자격
일학습병행자격,일학습,병행,자격
일학습병행자격,일학습,병행,자격
일학습병행자격,일학습,병행,자격
일학습병행자격,일학습,병행,자격
일학습병행자격,일학습,병행,자격
일학습병행자격,일학습,병행,자격
일학습병행자격,일학습,병행,자격
일학습병행자격,일학습,병행,자격
일학습병행자격,일학습,병행,자격
일학습병행자격,일학습,병행,자격
일학습병행자격,일학습,병행,자격
일학습병행자격,일학습,병행,자격
일학습병행자격,일학습,병행,자격
일학습병행자격,일학습,병행,자격
일학습병행자격,일학습,병행,자격
일학습병행자격,일학습,병행,자격
일학습병행자격,일학습,병행,자격
과정평가형자격,과정,평가형,자격
과정평가형자격,과정,평가형,자격
과정평가형자격,과정,평가형,자격
과정평가형자격,과정,평가형,자격
과정평가형자격,과정,평가형,자격
과정평가형자격,과정,평가형,자격
과정평가형자격,과정,평가형,자격
과정평가형자격,과정,평가형,자격
과정평가형자격,과정,평가형,자격
과정평가형자격,과정,평가형,자격
과정평가형자격,과정,평가형,자격
과정평가형자격,과정,평가형,자격
과정평가형자격,과정,평가형,자격
과정평가형자격,과정,평가형,자격
과정평가형자격,과정,평가형,자격
과정평가형자격,과정,평가형,자격
과정평가형자격,과정,평가형,자격
일학습병행자격,일학습,병행,자격
일학습병행자격,일학습,병행,자격
일학습병행자격,일학습,병행,자격
일학습병행자격,일학습,병행,자격
일학습병행자격,일학습,병행,자격
일학습병행자격,일학습,병행,자격
일학습병행자격,일학습,병행,자격
과정평가형자격,과정,평가형,자격
일학습병행자격,일학습,병행,자격
일학습병행자격,일학습,병행,자격
일학습병행자격,일학습,병행,자격
일학습병행자격,일학습,병행,자격
일학습병행자격,일학습,병행,자격
일학습병행자격,일학습,병행,자격
일학습병행자격,일학습,병행,자격
일학습병행자격,일학습,병행,자격
일학습병행자격,일학습,병행,자격
일학습병행자격,일학습,병행,자격
일학습병행자격,일학습,병행,자격
일학습병행자격,일학습,병행,자격
일학습병행자격,일학습,병행,자격
일학습병행자격,일학습,병행,자격
일학습병행자격,일학습,병행,자격
일학습병행자격,일학습,병행,자격
일학습병행자격,일학습,병행,자격
일학습병행자격,일학습,병행,자격
일학습병행자격,일학습,병행,자격
일학습병행자격,일학습,병행,자격
일학습병행자격,일학습,병행,자격
일학습병행자격,일학습,병행,자격
일학습병행자격,일학습,병행,자격
일학습병행자격,일학습,병행,자격
일학습병행자격,일학습,병행,자격
일학습병행자격,일학습,병행,자격
일학습병행자격,일학습,병행,자격
일학습병행자격,일학습,병행,자격
일학습병행자격,일학습,병행,자격
일학습병행자격,일학습,병행,자격
일학습병행자격,일학습,병행,자격
일학습병행자격,일학습,병행,자격
일학습병행자격,일학습,병행,자격
일학습병행자격,일학습,병행,자격
일학습병행자격,일학습,병행,자격
일학습병행자격,일학습,병행,자격
일학습병행자격,일학습,병행,자격
일학습병행자격,일학습,병행,자격
일학습병행자격,일학습,병행,자격
일학습병행자격,일학습,병행,자격
일학습병행자격,일학습,병행,자격
일학습병행자격,일학습,병행,자격
일학습병행자격,일학습,병행,자격
일학습병행자격,일학습,병행,자격
일학습병행자격,일학습,병행,자격
일학습병행자격,일학습,병행,자격
일학습병행자격,일학습,병행,자격
일학습병행자격,일학습,병행,자격
일학습병행자격,일학습,병행,자격
일학습병행자격,일학습,병행,자격
일학습병행자격,일학습,병행,자격
일학습병행자격,일학습,병행,자격
일학습병행자격,일학습,병행,자격
일학습병행자격,일학습,병행,자격
일학습병행자격,일학습,병행,자격
일학습병행자격,일학습,병행,자격
일학습병행자격,일학습,병행,자격
일학습병행자격,일학습,병행,자격
일학습병행자격,일학습,병행,자격
일학습병행자격,일학습,병행,자격
일학습병행자격,일학습,병행,자격
일학습병행자격,일학습,병행,자격
일학습병행자격,일학습,병행,자격
일학습병행자격,일학습,병행,자격
일학습병행자격,일학습,병행,자격
일학습병행자격,일학습,병행,자격
일학습병행자격,일학습,병행,자격
일학습병행자격,일학습,병행,자격
일학습병행자격,일학습,병행,자격
일학습병행자격,일학습,병행,자격
일학습병행자격,일학습,병행,자격
일학습병행자격,일학습,병행,자격
일학습병행자격,일학습,병행,자격
일학습병행자격,일학습,병행,자격
일학습병행자격,일학습,병행,자격
일학습병행자격,일학습,병행,자격
일학습병행자격,일학습,병행,자격
일학습병행자격,일학습,병행,자격
일학습병행자격,일학습,병행,자격
일학습병행자격,일학습,병행,자격
일학습병행자격,일학습,병행,자격
일학습병행자격,일학습,병행,자격
일학습병행자격,일학습,병행,자격
과정평가형자격,과정,평가형,자격
과정평가형자격,과정,평가형,자격
과정평가형자격,과정,평가형,자격
일학습병행자격,일학습,병행,자격
일학습병행자격,일학습,병행,자격
일학습병행자격,일학습,병행,자격
일학습병행자격,일학습,병행,자격
일학습병행자격,일학습,병행,자격
일학습병행자격,일학습,병행,자격
일학습병행자격,일학습,병행,자격
일학습병행자격,일학습,병행,자격
일학습병행자격,일학습,병행,자격
일학습병행자격,일학습,병행,자격
일학습병행자격,일학습,병행,자격
일학습병행자격,일학습,병행,자격
일학습병행자격,일학습,병행,자격
일학습병행자격,일학습,병행,자격
일학습병행자격,일학습,병행,자격
일학습병행자격,일학습,병행,자격
일학습병행자격,일학습,병행,자격
일학습병행자격,일학습,병행,자격
일학습병행자격,일학습,병행,자격
일학습병행자격,일학습,병행,자격
일학습병행자격,일학습,병행,자격
일학습병행자격,일학습,병행,자격
일학습병행자격,일학습,병행,자격
일학습병행자격,일학습,병행,자격
일학습병행자격,일학습,병행,자격
일학습병행자격,일학습,병행,자격
일학습병행자격,일학습,병행,자격
일학습병행자격,일학습,병행,자격
일학습병행자격,일학습,병행,자격
일학습병행자격,일학습,병행,자격
일학습병행자격,일학습,병행,자격
과정평가형자격,과정,평가형,자격
일학습병행자격,일학습,병행,자격
일학습병행자격,일학습,병행,자격
일학습병행자격,일학습,병행,자격
일학습병행자격,일학습,병행,자격
일학습병행자격,일학습,병행,자격
일학습병행자격,일학습,병행,자격
일학습병행자격,일학습,병행,자격
일학습병행자격,일학습,병행,자격
일학습병행자격,일학습,병행,자격
일학습병행자격,일학습,병행,자격
일학습병행자격,일학습,병행,자격
과정평가형자격,과정,평가형,자격
과정평가형자격,과정,평가형,자격
일학습병행자격,일학습,병행,자격
일학습병행자격,일학습,병행,자격
일학습병행자격,일학습,병행,자격
일학습병행자격,일학습,병행,자격
일학습병행자격,일학습,병행,자격
일학습병행자격,일학습,병행,자격
일학습병행자격,일학습,병행,자격
일학습병행자격,일학습,병행,자격
일학습병행자격,일학습,병행,자격
일학습병행자격,일학습,병행,자격
일학습병행자격,일학습,병행,자격
일학습병행자격,일학습,병행,자격
일학습병행자격,일학습,병행,자격
일학습병행자격,일학습,병행,자격
일학습병행자격,일학습,병행,자격
일학습병행자격,일학습,병행,자격
일학습병행자격,일학습,병행,자격
일학습병행자격,일학습,병행,자격
일학습병행자격,일학습,병행,자격
일학습병행자격,일학습,병행,자격
일학습병행자격,일학습,병행,자격
일학습병행자격,일학습,병행,자격
일학습병행자격,일학습,병행,자격
일학습병행자격,일학습,병행,자격
일학습병행자격,일학습,병행,자격
일학습병행자격,일학습,병행,자격
일학습병행자격,일학습,병행,자격
일학습병행자격,일학습,병행,자격
일학습병행자격,일학습,병행,자격
일학습병행자격,일학습,병행,자격
일학습병행자격,일학습,병행,자격
일학습병행자격,일학습,병행,자격
일학습병행자격,일학습,병행,자격
일학습병행자격,일학습,병행,자격
일학습병행자격,일학습,병행,자격
일학습병행자격,일학습,병행,자격
일학습병행자격,일학습,병행,자격
일학습병행자격,일학습,병행,자격
일학습병행자격,일학습,병행,자격
일학습병행자격,일학습,병행,자격
일학습병행자격,일학습,병행,자격
일학습병행자격,일학습,병행,자격
일학습병행자격,일학습,병행,자격
일학습병행자격,일학습,병행,자격
일학습병행자격,일학습,병행,자격
일학습병행자격,일학습,병행,자격
일학습병행자격,일학습,병행,자격
일학습병행자격,일학습,병행,자격
일학습병행자격,일학습,병행,자격
일학습병행자격,일학습,병행,자격
일학습병행자격,일학습,병행,자격
일학습병행자격,일학습,병행,자격
일학습병행자격,일학습,병행,자격
일학습병행자격,일학습,병행,자격
일학습병행자격,일학습,병행,자격
일학습병행자격,일학습,병행,자격
일학습병행자격,일학습,병행,자격
일학습병행자격,일학습,병행,자격
일학습병행자격,일학습,병행,자격
일학습병행자격,일학습,병행,자격
일학습병행자격,일학습,병행,자격
일학습병행자격,일학습,병행,자격
일학습병행자격,일학습,병행,자격
일학습병행자격,일학습,병행,자격
일학습병행자격,일학습,병행,자격
일학습병행자격,일학습,병행,자격
일학습병행자격,일학습,병행,자격
일학습병행자격,일학습,병행,자격
일학습병행자격,일학습,병행,자격
일학습병행자격,일학습,병행,자격
일학습병행자격,일학습,병행,자격
일학습병행자격,일학습,병행,자격
일학습병행자격,일학습,병행,자격
일학습병행자격,일학습,병행,자격
일학습병행자격,일학습,병행,자격
일학습병행자격,일학습,병행,자격
일학습병행자격,일학습,병행,자격
일학습병행자격,일학습,병행,자격
일학습병행자격,일학습,병행,자격
일학습병행자격,일학습,병행,자격
일학습병행자격,일학습,병행,자격
일학습병행자격,일학습,병행,자격
일학습병행자격,일학습,병행,자격
일학습병행자격,일학습,병행,자격
일학습병행자격,일학습,병행,자격
일학습병행자격,일학습,병행,자격
일학습병행자격,일학습,병행,자격
일학습병행자격,일학습,병행,자격
일학습병행자격,일학습,병행,자격
일학습병행자격,일학습,병행,자격
일학습병행자격,일학습,병행,자격
일학습병행자격,일학습,병행,자격
일학습병행자격,일학습,병행,자격
일학습병행자격,일학습,병행,자격
일학습병행자격,일학습,병행,자격
일학습병행자격,일학습,병행,자격
일학습병행자격,일학습,병행,자격
일학습병행자격,일학습,병행,자격
과정평가형자격,과정,평가형,자격
과정평가형자격,과정,평가형,자격
과정평가형자격,과정,평가형,자격
과정평가형자격,과정,평가형,자격
일학습병행자격,일학습,병행,자격
일학습병행자격,일학습,병행,자격
일학습병행자격,일학습,병행,자격
일학습병행자격,일학습,병행,자격
일학습병행자격,일학습,병행,자격
일학습병행자격,일학습,병행,자격
일학습병행자격,일학습,병행,자격
일학습병행자격,일학습,병행,자격
일학습병행자격,일학습,병행,자격
일학습병행자격,일학습,병행,자격
일학습병행자격,일학습,병행,자격
일학습병행자격,일학습,병행,자격
일학습병행자격,일학습,병행,자격
일학습병행자격,일학습,병행,자격
일학습병행자격,일학습,병행,자격
일학습병행자격,일학습,병행,자격
일학습병행자격,일학습,병행,자격
일학습병행자격,일학습,병행,자격
일학습병행자격,일학습,병행,자격
일학습병행자격,일학습,병행,자격
일학습병행자격,일학습,병행,자격
일학습병행자격,일학습,병행,자격
일학습병행자격,일학습,병행,자격
일학습병행자격,일학습,병행,자격
일학습병행자격,일학습,병행,자격
일학습병행자격,일학습,병행,자격
일학습병행자격,일학습,병행,자격
일학습병행자격,일학습,병행,자격
일학습병행자격,일학습,병행,자격
일학습병행자격,일학습,병행,자격
일학습병행자격,일학습,병행,자격
일학습병행자격,일학습,병행,자격
일학습병행자격,일학습,병행,자격
일학습병행자격,일학습,병행,자격
일학습병행자격,일학습,병행,자격
일학습병행자격,일학습,병행,자격
일학습병행자격,일학습,병행,자격
일학습병행자격,일학습,병행,자격
일학습병행자격,일학습,병행,자격
일학습병행자격,일학습,병행,자격
일학습병행자격,일학습,병행,자격
일학습병행자격,일학습,병행,자격
일학습병행자격,일학습,병행,자격
일학습병행자격,일학습,병행,자격
일학습병행자격,일학습,병행,자격
일학습병행자격,일학습,병행,자격
일학습병행자격,일학습,병행,자격
일학습병행자격,일학습,병행,자격
일학습병행자격,일학습,병행,자격
일학습병행자격,일학습,병행,자격
일학습병행자격,일학습,병행,자격
일학습병행자격,일학습,병행,자격
일학습병행자격,일학습,병행,자격
일학습병행자격,일학습,병행,자격
일학습병행자격,일학습,병행,자격
일학습병행자격,일학습,병행,자격
일학습병행자격,일학습,병행,자격
일학습병행자격,일학습,병행,자격
일학습병행자격,일학습,병행,자격
일학습병행자격,일학습,병행,자격
일학습병행자격,일학습,병행,자격
일학습병행자격,일학습,병행,자격
일학습병행자격,일학습,병행,자격
일학습병행자격,일학습,병행,자격
일학습병행자격,일학습,병행,자격
일학습병행자격,일학습,병행,자격
일학습병행자격,일학습,병행,자격
일학습병행자격,일학습,병행,자격
일학습병행자격,일학습,병행,자격
일학습병행자격,일학습,병행,자격
일학습병행자격,일학습,병행,자격
일학습병행자격,일학습,병행,자격
일학습병행자격,일학습,병행,자격
일학습병행자격,일학습,병행,자격
일학습병행자격,일학습,병행,자격
일학습병행자격,일학습,병행,자격
국가기술자격,국가,기술,자격
국가기술자격,국가,기술,자격
국가기술자격,국가,기술,자격
국가기술자격,국가,기술,자격
일학습병행자격,일학습,병행,자격
일학습병행자격,일학습,병행,자격
일학습병행자격,일학습,병행,자격
일학습병행자격,일학습,병행,자격
일학습병행자격,일학습,병행,자격
일학습병행자격,일학습,병행,자격
일학습병행자격,일학습,병행,자격
일학습병행자격,일학습,병행,자격
일학습병행자격,일학습,병행,자격
일학습병행자격,일학습,병행,자격
일학습병행자격,일학습,병행,자격
일학습병행자격,일학습,병행,자격
일학습병행자격,일학습,병행,자격
일학습병행자격,일학습,병행,자격
일학습병행자격,일학습,병행,자격
일학습병행자격,일학습,병행,자격
일학습병행자격,일학습,병행,자격
일학습병행자격,일학습,병행,자격
일학습병행자격,일학습,병행,자격
일학습병행자격,일학습,병행,자격
일학습병행자격,일학습,병행,자격
일학습병행자격,일학습,병행,자격
일학습병행자격,일학습,병행,자격
일학습병행자격,일학습,병행,자격
일학습병행자격,일학습,병행,자격
일학습병행자격,일학습,병행,자격
일학습병행자격,일학습,병행,자격
일학습병행자격,일학습,병행,자격
일학습병행자격,일학습,병행,자격
일학습병행자격,일학습,병행,자격
일학습병행자격,일학습,병행,자격
일학습병행자격,일학습,병행,자격
일학습병행자격,일학습,병행,자격
일학습병행자격,일학습,병행,자격
일학습병행자격,일학습,병행,자격
일학습병행자격,일학습,병행,자격
일학습병행자격,일학습,병행,자격
일학습병행자격,일학습,병행,자격
일학습병행자격,일학습,병행,자격
일학습병행자격,일학습,병행,자격
일학습병행자격,일학습,병행,자격
일학습병행자격,일학습,병행,자격
일학습병행자격,일학습,병행,자격
일학습병행자격,일학습,병행,자격
일학습병행자격,일학습,병행,자격
일학습병행자격,일학습,병행,자격
일학습병행자격,일학습,병행,자격
일학습병행자격,일학습,병행,자격
일학습병행자격,일학습,병행,자격
일학습병행자격,일학습,병행,자격
일학습병행자격,일학습,병행,자격
일학습병행자격,일학습,병행,자격
일학습병행자격,일학습,병행,자격
일학습병행자격,일학습,병행,자격
일학습병행자격,일학습,병행,자격
일학습병행자격,일학습,병행,자격
일학습병행자격,일학습,병행,자격
일학습병행자격,일학습,병행,자격
일학습병행자격,일학습,병행,자격
일학습병행자격,일학습,병행,자격
일학습병행자격,일학습,병행,자격
일학습병행자격,일학습,병행,자격
일학습병행자격,일학습,병행,자격
일학습병행자격,일학습,병행,자격
일학습병행자격,일학습,병행,자격
일학습병행자격,일학습,병행,자격
일학습병행자격,일학습,병행,자격
일학습병행자격,일학습,병행,자격
일학습병행자격,일학습,병행,자격
일학습병행자격,일학습,병행,자격
일학습병행자격,일학습,병행,자격
일학습병행자격,일학습,병행,자격
일학습병행자격,일학습,병행,자격
일학습병행자격,일학습,병행,자격
일학습병행자격,일학습,병행,자격
일학습병행자격,일학습,병행,자격
일학습병행자격,일학습,병행,자격
일학습병행자격,일학습,병행,자격
일학습병행자격,일학습,병행,자격
일학습병행자격,일학습,병행,자격
일학습병행자격,일학습,병행,자격
일학습병행자격,일학습,병행,자격
일학습병행자격,일학습,병행,자격
일학습병행자격,일학습,병행,자격
일학습병행자격,일학습,병행,자격
일학습병행자격,일학습,병행,자격
일학습병행자격,일학습,병행,자격
일학습병행자격,일학습,병행,자격
일학습병행자격,일학습,병행,자격
일학습병행자격,일학습,병행,자격
일학습병행자격,일학습,병행,자격
일학습병행자격,일학습,병행,자격
일학습병행자격,일학습,병행,자격
일학습병행자격,일학습,병행,자격
일학습병행자격,일학습,병행,자격
일학습병행자격,일학습,병행,자격
일학습병행자격,일학습,병행,자격
일학습병행자격,일학습,병행,자격
일학습병행자격,일학습,병행,자격
일학습병행자격,일학습,병행,자격
일학습병행자격,일학습,병행,자격
일학습병행자격,일학습,병행,자격
일학습병행자격,일학습,병행,자격
일학습병행자격,일학습,병행,자격
일학습병행자격,일학습,병행,자격
일학습병행자격,일학습,병행,자격
국가기술자격,국가,기술,자격
국가기술자격,국가,기술,자격
국가기술자격,국가,기술,자격
국가기술자격,국가,기술,자격
국가기술자격,국가,기술,자격
일학습병행자격,일학습,병행,자격
일학습병행자격,일학습,병행,자격
일학습병행자격,일학습,병행,자격
일학습병행자격,일학습,병행,자격
일학습병행자격,일학습,병행,자격
일학습병행자격,일학습,병행,자격
일학습병행자격,일학습,병행,자격
일학습병행자격,일학습,병행,자격
일학습병행자격,일학습,병행,자격
일학습병행자격,일학습,병행,자격
일학습병행자격,일학습,병행,자격
일학습병행자격,일학습,병행,자격
일학습병행자격,일학습,병행,자격
일학습병행자격,일학습,병행,자격
일학습병행자격,일학습,병행,자격
일학습병행자격,일학습,병행,자격
일학습병행자격,일학습,병행,자격
일학습병행자격,일학습,병행,자격
일학습병행자격,일학습,병행,자격
일학습병행자격,일학습,병행,자격
일학습병행자격,일학습,병행,자격
일학습병행자격,일학습,병행,자격
일학습병행자격,일학습,병행,자격
일학습병행자격,일학습,병행,자격
일학습병행자격,일학습,병행,자격
일학습병행자격,일학습,병행,자격
일학습병행자격,일학습,병행,자격
일학습병행자격,일학습,병행,자격
일학습병행자격,일학습,병행,자격
일학습병행자격,일학습,병행,자격
일학습병행자격,일학습,병행,자격
일학습병행자격,일학습,병행,자격
일학습병행자격,일학습,병행,자격
일학습병행자격,일학습,병행,자격
일학습병행자격,일학습,병행,자격
일학습병행자격,일학습,병행,자격
일학습병행자격,일학습,병행,자격
일학습병행자격,일학습,병행,자격
일학습병행자격,일학습,병행,자격
일학습병행자격,일학습,병행,자격
일학습병행자격,일학습,병행,자격
일학습병행자격,일학습,병행,자격
일학습병행자격,일학습,병행,자격
일학습병행자격,일학습,병행,자격
일학습병행자격,일학습,병행,자격
일학습병행자격,일학습,병행,자격
일학습병행자격,일학습,병행,자격
일학습병행자격,일학습,병행,자격
일학습병행자격,일학습,병행,자격
일학습병행자격,일학습,병행,자격
일학습병행자격,일학습,병행,자격
일학습병행자격,일학습,병행,자격
일학습병행자격,일학습,병행,자격
일학습병행자격,일학습,병행,자격
일학습병행자격,일학습,병행,자격
일학습병행자격,일학습,병행,자격
일학습병행자격,일학습,병행,자격
일학습병행자격,일학습,병행,자격
일학습병행자격,일학습,병행,자격
일학습병행자격,일학습,병행,자격
일학습병행자격,일학습,병행,자격
일학습병행자격,일학습,병행,자격
일학습병행자격,일학습,병행,자격
일학습병행자격,일학습,병행,자격
일학습병행자격,일학습,병행,자격
일학습병행자격,일학습,병행,자격
일학습병행자격,일학습,병행,자격
일학습병행자격,일학습,병행,자격
일학습병행자격,일학습,병행,자격
일학습병행자격,일학습,병행,자격
일학습병행자격,일학습,병행,자격
일학습병행자격,일학습,병행,자격
일학습병행자격,일학습,병행,자격
일학습병행자격,일학습,병행,자격
일학습병행자격,일학습,병행,자격
일학습병행자격,일학습,병행,자격
일학습병행자격,일학습,병행,자격
일학습병행자격,일학습,병행,자격
일학습병행자격,일학습,병행,자격
일학습병행자격,일학습,병행,자격
일학습병행자격,일학습,병행,자격
일학습병행자격,일학습,병행,자격
일학습병행자격,일학습,병행,자격
일학습병행자격,일학습,병행,자격
일학습병행자격,일학습,병행,자격
일학습병행자격,일학습,병행,자격
일학습병행자격,일학습,병행,자격
일학습병행자격,일학습,병행,자격
일학습병행자격,일학습,병행,자격
일학습병행자격,일학습,병행,자격
일학습병행자격,일학습,병행,자격
일학습병행자격,일학습,병행,자격
일학습병행자격,일학습,병행,자격
일학습병행자격,일학습,병행,자격
일학습병행자격,일학습,병행,자격
일학습병행자격,일학습,병행,자격
일학습병행자격,일학습,병행,자격
일학습병행자격,일학습,병행,자격
일학습병행자격,일학습,병행,자격
일학습병행자격,일학습,병행,자격
일학습병행자격,일학습,병행,자격
일학습병행자격,일학습,병행,자격
일학습병행자격,일학습,병행,자격
일학습병행자격,일학습,병행,자격
일학습병행자격,일학습,병행,자격
일학습병행자격,일학습,병행,자격
일학습병행자격,일학습,병행,자격
일학습병행자격,일학습,병행,자격
일학습병행자격,일학습,병행,자격
일학습병행자격,일학습,병행,자격
일학습병행자격,일학습,병행,자격
일학습병행자격,일학습,병행,자격
일학습병행자격,일학습,병행,자격
일학습병행자격,일학습,병행,자격
일학습병행자격,일학습,병행,자격
일학습병행자격,일학습,병행,자격
일학습병행자격,일학습,병행,자격
일학습병행자격,일학습,병행,자격
일학습병행자격,일학습,병행,자격
일학습병행자격,일학습,병행,자격
일학습병행자격,일학습,병행,자격
일학습병행자격,일학습,병행,자격
일학습병행자격,일학습,병행,자격
일학습병행자격,일학습,병행,자격
일학습병행자격,일학습,병행,자격
일학습병행자격,일학습,병행,자격
일학습병행자격,일학습,병행,자격
일학습병행자격,일학습,병행,자격
일학습병행자격,일학습,병행,자격
일학습병행자격,일학습,병행,자격
일학습병행자격,일학습,병행,자격
일학습병행자격,일학습,병행,자격
일학습병행자격,일학습,병행,자격
일학습병행자격,일학습,병행,자격
일학습병행자격,일학습,병행,자격
일학습병행자격,일학습,병행,자격
일학습병행자격,일학습,병행,자격
일학습병행자격,일학습,병행,자격
일학습병행자격,일학습,병행,자격
일학습병행자격,일학습,병행,자격
일학습병행자격,일학습,병행,자격
일학습병행자격,일학습,병행,자격
일학습병행자격,일학습,병행,자격
과정평가형자격,과정,평가형,자격
과정평가형자격,과정,평가형,자격
과정평가형자격,과정,평가형,자격
과정평가형자격,과정,평가형,자격
과정평가형자격,과정,평가형,자격
과정평가형자격,과정,평가형,자격
국가기술자격,국가,기술,자격
국가기술자격,국가,기술,자격
일학습병행자격,일학습,병행,자격
과정평가형자격,과정,평가형,자격
과정평가형자격,과정,평가형,자격
일학습병행자격,일학습,병행,자격
일학습병행자격,일학습,병행,자격
일학습병행자격,일학습,병행,자격
일학습병행자격,일학습,병행,자격
과정평가형자격,과정,평가형,자격
과정평가형자격,과정,평가형,자격
일학습병행자격,일학습,병행,자격
일학습병행자격,일학습,병행,자격
일학습병행자격,일학습,병행,자격
일학습병행자격,일학습,병행,자격
일학습병행자격,일학습,병행,자격
일학습병행자격,일학습,병행,자격
일학습병행자격,일학습,병행,자격
일학습병행자격,일학습,병행,자격
일학습병행자격,일학습,병행,자격
일학습병행자격,일학습,병행,자격
과정평가형자격,과정,평가형,자격
과정평가형자격,과정,평가형,자격
과정평가형자격,과정,평가형,자격
일학습병행자격,일학습,병행,자격
과정평가형자격,과정,평가형,자격
일학습병행자격,일학습,병행,자격
일학습병행자격,일학습,병행,자격
과정평가형자격,과정,평가형,자격
과정평가형자격,과정,평가형,자격
국가기술자격,국가,기술,자격
일학습병행자격,일학습,병행,자격
일학습병행자격,일학습,병행,자격
일학습병행자격,일학습,병행,자격
과정평가형자격,과정,평가형,자격
과정평가형자격,과정,평가형,자격
과정평가형자격,과정,평가형,자격
과정평가형자격,과정,평가형,자격
일학습병행자격,일학습,병행,자격
일학습병행자격,일학습,병행,자격
일학습병행자격,일학습,병행,자격
일학습병행자격,일학습,병행,자격
일학습병행자격,일학습,병행,자격
일학습병행자격,일학습,병행,자격
일학습병행자격,일학습,병행,자격
일학습병행자격,일학습,병행,자격
일학습병행자격,일학습,병행,자격
일학습병행자격,일학습,병행,자격
일학습병행자격,일학습,병행,자격
일학습병행자격,일학습,병행,자격
일학습병행자격,일학습,병행,자격
일학습병행자격,일학습,병행,자격
과정평가형자격,과정,평가형,자격
과정평가형자격,과정,평가형,자격
과정평가형자격,과정,평가형,자격
과정평가형자격,과정,평가형,자격
과정평가형자격,과정,평가형,자격
과정평가형자격,과정,평가형,자격
과정평가형자격,과정,평가형,자격
과정평가형자격,과정,평가형,자격
과정평가형자격,과정,평가형,자격
과정평가형자격,과정,평가형,자격
과정평가형자격,과정,평가형,자격
과정평가형자격,과정,평가형,자격
과정평가형자격,과정,평가형,자격
과정평가형자격,과정,평가형,자격
과정평가형자격,과정,평가형,자격
과정평가형자격,과정,평가형,자격
과정평가형자격,과정,평가형,자격
과정평가형자격,과정,평가형,자격
과정평가형자격,과정,평가형,자격
과정평가형자격,과정,평가형,자격
과정평가형자격,과정,평가형,자격
과정평가형자격,과정,평가형,자격
과정평가형자격,과정,평가형,자격
과정평가형자격,과정,평가형,자격
과정평가형자격,과정,평가형,자격
과정평가형자격,과정,평가형,자격
과정평가형자격,과정,평가형,자격
과정평가형자격,과정,평가형,자격
과정평가형자격,과정,평가형,자격
국가기술자격,국가,기술,자격
국가기술자격,국가,기술,자격
일학습병행자격,일학습,병행,자격
일학습병행자격,일학습,병행,자격
일학습병행자격,일학습,병행,자격
일학습병행자격,일학습,병행,자격
일학습병행자격,일학습,병행,자격
일학습병행자격,일학습,병행,자격
일학습병행자격,일학습,병행,자격
일학습병행자격,일학습,병행,자격
일학습병행자격,일학습,병행,자격
일학습병행자격,일학습,병행,자격
일학습병행자격,일학습,병행,자격
일학습병행자격,일학습,병행,자격
일학습병행자격,일학습,병행,자격
일학습병행자격,일학습,병행,자격
일학습병행자격,일학습,병행,자격
국가기술자격,국가,기술,자격
국가기술자격,국가,기술,자격
일학습병행자격,일학습,병행,자격
일학습병행자격,일학습,병행,자격
과정평가형자격,과정,평가형,자격
일학습병행자격,일학습,병행,자격
일학습병행자격,일학습,병행,자격
일학습병행자격,일학습,병행,자격
일학습병행자격,일학습,병행,자격
일학습병행자격,일학습,병행,자격
일학습병행자격,일학습,병행,자격
일학습병행자격,일학습,병행,자격
과정평가형자격,과정,평가형,자격
일학습병행자격,일학습,병행,자격
일학습병행자격,일학습,병행,자격
일학습병행자격,일학습,병행,자격
일학습병행자격,일학습,병행,자격
일학습병행자격,일학습,병행,자격
일학습병행자격,일학습,병행,자격
일학습병행자격,일학습,병행,자격
일학습병행자격,일학습,병행,자격
국가기술자격,국가,기술,자격
일학습병행자격,일학습,병행,자격
국가기술자격,국가,기술,자격
일학습병행자격,일학습,병행,자격
일학습병행자격,일학습,병행,자격
일학습병행자격,일학습,병행,자격
일학습병행자격,일학습,병행,자격
일학습병행자격,일학습,병행,자격
일학습병행자격,일학습,병행,자격
일학습병행자격,일학습,병행,자격
일학습병행자격,일학습,병행,자격
일학습병행자격,일학습,병행,자격
일학습병행자격,일학습,병행,자격
일학습병행자격,일학습,병행,자격
일학습병행자격,일학습,병행,자격
일학습병행자격,일학습,병행,자격
일학습병행자격,일학습,병행,자격
일학습병행자격,일학습,병행,자격
일학습병행자격,일학습,병행,자격
일학습병행자격,일학습,병행,자격
일학습병행자격,일학습,병행,자격
일학습병행자격,일학습,병행,자격
일학습병행자격,일학습,병행,자격
일학습병행자격,일학습,병행,자격
일학습병행자격,일학습,병행,자격
과정평가형자격,과정,평가형,자격
과정평가형자격,과정,평가형,자격
과정평가형자격,과정,평가형,자격
과정평가형자격,과정,평가형,자격
일학습병행자격,일학습,병행,자격
일학습병행자격,일학습,병행,자격
일학습병행자격,일학습,병행,자격
일학습병행자격,일학습,병행,자격
일학습병행자격,일학습,병행,자격
일학습병행자격,일학습,병행,자격
일학습병행자격,일학습,병행,자격
일학습병행자격,일학습,병행,자격
일학습병행자격,일학습,병행,자격
과정평가형자격,과정,평가형,자격
국가기술자격,국가,기술,자격
일학습병행자격,일학습,병행,자격
일학습병행자격,일학습,병행,자격
국가기술자격,국가,기술,자격
국가기술자격,국가,기술,자격
국가기술자격,국가,기술,자격
일학습병행자격,일학습,병행,자격
일학습병행자격,일학습,병행,자격
일학습병행자격,일학습,병행,자격
일학습병행자격,일학습,병행,자격
일학습병행자격,일학습,병행,자격
일학습병행자격,일학습,병행,자격
일학습병행자격,일학습,병행,자격
일학습병행자격,일학습,병행,자격
일학습병행자격,일학습,병행,자격
일학습병행자격,일학습,병행,자격
일학습병행자격,일학습,병행,자격
일학습병행자격,일학습,병행,자격
일학습병행자격,일학습,병행,자격
일학습병행자격,일학습,병행,자격
일학습병행자격,일학습,병행,자격
일학습병행자격,일학습,병행,자격
일학습병행자격,일학습,병행,자격
일학습병행자격,일학습,병행,자격
일학습병행자격,일학습,병행,자격
일학습병행자격,일학습,병행,자격
일학습병행자격,일학습,병행,자격
일학습병행자격,일학습,병행,자격
일학습병행자격,일학습,병행,자격
일학습병행자격,일학습,병행,자격
일학습병행자격,일학습,병행,자격
일학습병행자격,일학습,병행,자격
일학습병행자격,일학습,병행,자격
일학습병행자격,일학습,병행,자격
일학습병행자격,일학습,병행,자격
국가기술자격,일학습,병행,자격
일학습병행자격,일학습,병행,자격
일학습병행자격,일학습,병행,자격
일학습병행자격,일학습,병행,자격
일학습병행자격,일학습,병행,자격
과정평가형자격,과정,평가형,자격
과정평가형자격,과정,평가형,자격
과정평가형자격,과정,평가형,자격
과정평가형자격,과정,평가형,자격
과정평가형자격,과정,평가형,자격
과정평가형자격,과정,평가형,자격
과정평가형자격,과정,평가형,자격
과정평가형자격,과정,평가형,자격
과정평가형자격,과정,평가형,자격
과정평가형자격,과정,평가형,자격
과정평가형자격,과정,평가형,자격
과정평가형자격,과정,평가형,자격
과정평가형자격,과정,평가형,자격
과정평가형자격,과정,평가형,자격
일학습병행자격,일학습,병행,자격
국가기술자격,국가,기술,자격
일학습병행자격,일학습,병행,자격
일학습병행자격,일학습,병행,자격
일학습병행자격,일학습,병행,자격
일학습병행자격,일학습,병행,자격
과정평가형자격,과정,평가형,자격
과정평가형자격,과정,평가형,자격
일학습병행자격,일학습,병행,자격
일학습병행자격,일학습,병행,자격
일학습병행자격,일학습,병행,자격
일학습병행자격,일학습,병행,자격
일학습병행자격,일학습,병행,자격
과정평가형자격,과정,평가형,자격
과정평가형자격,과정,평가형,자격
과정평가형자격,과정,평가형,자격
과정평가형자격,과정,평가형,자격
과정평가형자격,과정,평가형,자격
과정평가형자격,과정,평가형,자격
과정평가형자격,과정,평가형,자격
과정평가형자격,과정,평가형,자격
과정평가형자격,과정,평가형,자격
과정평가형자격,과정,평가형,자격
국가기술자격,국가,기술,자격
일학습병행자격,일학습,병행,자격
일학습병행자격,일학습,병행,자격
일학습병행자격,일학습,병행,자격
일학습병행자격,일학습,병행,자격
일학습병행자격,일학습,병행,자격
과정평가형자격,과정,평가형,자격
과정평가형자격,과정,평가형,자격
과정평가형자격,과정,평가형,자격
과정평가형자격,과정,평가형,자격
과정평가형자격,과정,평가형,자격
과정평가형자격,과정,평가형,자격
과정평가형자격,과정,평가형,자격
과정평가형자격,과정,평가형,자격
과정평가형자격,과정,평가형,자격
과정평가형자격,과정,평가형,자격
국가기술자격,국가,기술,자격
과정평가형자격,과정,평가형,자격
과정평가형자격,과정,평가형,자격
과정평가형자격,과정,평가형,자격
일학습병행자격,일학습,병행,자격
일학습병행자격,일학습,병행,자격
일학습병행자격,일학습,병행,자격
일학습병행자격,일학습,병행,자격
일학습병행자격,일학습,병행,자격
일학습병행자격,일학습,병행,자격
일학습병행자격,일학습,병행,자격
일학습병행자격,일학습,병행,자격
일학습병행자격,일학습,병행,자격
일학습병행자격,일학습,병행,자격
일학습병행자격,일학습,병행,자격
일학습병행자격,일학습,병행,자격
일학습병행자격,일학습,병행,자격
일학습병행자격,일학습,병행,자격
일학습병행자격,일학습,병행,자격
일학습병행자격,일학습,병행,자격
일학습병행자격,일학습,병행,자격
일학습병행자격,일학습,병행,자격
일학습병행자격,일학습,병행,자격
일학습병행자격,일학습,병행,자격
일학습병행자격,일학습,병행,자격
일학습병행자격,일학습,병행,자격
일학습병행자격,일학습,병행,자격
일학습병행자격,일학습,병행,자격
일학습병행자격,일학습,병행,자격
일학습병행자격,일학습,병행,자격
일학습병행자격,일학습,병행,자격
일학습병행자격,일학습,병행,자격
일학습병행자격,일학습,병행,자격
일학습병행자격,일학습,병행,자격
일학습병행자격,일학습,병행,자격
일학습병행자격,일학습,병행,자격
일학습병행자격,일학습,병행,자격
일학습병행자격,일학습,병행,자격
일학습병행자격,일학습,병행,자격
일학습병행자격,일학습,병행,자격
국가전문자격,국가,전문,자격
과정평가형자격,과정,평가형,자격
일학습병행자격,일학습,병행,자격
일학습병행자격,일학습,병행,자격
일학습병행자격,일학습,병행,자격
일학습병행자격,일학습,병행,자격
일학습병행자격,일학습,병행,자격
일학습병행자격,일학습,병행,자격
일학습병행자격,일학습,병행,자격
일학습병행자격,일학습,병행,자격
일학습병행자격,일학습,병행,자격
일학습병행자격,일학습,병행,자격
일학습병행자격,일학습,병행,자격
일학습병행자격,일학습,병행,자격
일학습병행자격,일학습,병행,자격
일학습병행자격,일학습,병행,자격
일학습병행자격,일학습,병행,자격
일학습병행자격,일학습,병행,자격
일학습병행자격,일학습,병행,자격
일학습병행자격,일학습,병행,자격
일학습병행자격,일학습,병행,자격
일학습병행자격,일학습,병행,자격
일학습병행자격,일학습,병행,자격
일학습병행자격,일학습,병행,자격
일학습병행자격,일학습,병행,자격
일학습병행자격,일학습,병행,자격
일학습병행자격,일학습,병행,자격
일학습병행자격,일학습,병행,자격
일학습병행자격,일학습,병행,자격
일학습병행자격,일학습,병행,자격
일학습병행자격,일학습,병행,자격
일학습병행자격,일학습,병행,자격
일학습병행자격,일학습,병행,자격
일학습병행자격,일학습,병행,자격
일학습병행자격,일학습,병행,자격
일학습병행자격,일학습,병행,자격
일학습병행자격,일학습,병행,자격
일학습병행자격,일학습,병행,자격
일학습병행자격,일학습,병행,자격
일학습병행자격,일학습,병행,자격
일학습병행자격,일학습,병행,자격
국가기술자격,국가,기술,자격
일학습병행자격,일학습,병행,자격
일학습병행자격,일학습,병행,자격
일학습병행자격,일학습,병행,자격
일학습병행자격,일학습,병행,자격
일학습병행자격,일학습,병행,자격
일학습병행자격,일학습,병행,자격
일학습병행자격,일학습,병행,자격
일학습병행자격,일학습,병행,자격
일학습병행자격,일학습,병행,자격
일학습병행자격,일학습,병행,자격
일학습병행자격,일학습,병행,자격
일학습병행자격,일학습,병행,자격
일학습병행자격,일학습,병행,자격
일학습병행자격,일학습,병행,자격
일학습병행자격,일학습,병행,자격
일학습병행자격,일학습,병행,자격
일학습병행자격,일학습,병행,자격
일학습병행자격,일학습,병행,자격
일학습병행자격,일학습,병행,자격
일학습병행자격,일학습,병행,자격
일학습병행자격,일학습,병행,자격
일학습병행자격,일학습,병행,자격
일학습병행자격,일학습,병행,자격
일학습병행자격,일학습,병행,자격
일학습병행자격,일학습,병행,자격
일학습병행자격,일학습,병행,자격
일학습병행자격,일학습,병행,자격
일학습병행자격,일학습,병행,자격
일학습병행자격,일학습,병행,자격
일학습병행자격,일학습,병행,자격
일학습병행자격,일학습,병행,자격
일학습병행자격,일학습,병행,자격
일학습병행자격,일학습,병행,자격
일학습병행자격,일학습,병행,자격
일학습병행자격,일학습,병행,자격
일학습병행자격,일학습,병행,자격
일학습병행자격,일학습,병행,자격
일학습병행자격,일학습,병행,자격
일학습병행자격,일학습,병행,자격
일학습병행자격,일학습,병행,자격
일학습병행자격,일학습,병행,자격
일학습병행자격,일학습,병행,자격
일학습병행자격,일학습,병행,자격
일학습병행자격,일학습,병행,자격
일학습병행자격,일학습,병행,자격
일학습병행자격,일학습,병행,자격
일학습병행자격,일학습,병행,자격
일학습병행자격,일학습,병행,자격
일학습병행자격,일학습,병행,자격
일학습병행자격,일학습,병행,자격
일학습병행자격,일학습,병행,자격
일학습병행자격,일학습,병행,자격
일학습병행자격,일학습,병행,자격
일학습병행자격,일학습,병행,자격
일학습병행자격,일학습,병행,자격
일학습병행자격,일학습,병행,자격
일학습병행자격,일학습,병행,자격
일학습병행자격,일학습,병행,자격
일학습병행자격,일학습,병행,자격
일학습병행자격,일학습,병행,자격
일학습병행자격,일학습,병행,자격
일학습병행자격,일학습,병행,자격
일학습병행자격,일학습,병행,자격
일학습병행자격,일학습,병행,자격
일학습병행자격,일학습,병행,자격
일학습병행자격,일학습,병행,자격
일학습병행자격,일학습,병행,자격
일학습병행자격,일학습,병행,자격
일학습병행자격,일학습,병행,자격
일학습병행자격,일학습,병행,자격
일학습병행자격,일학습,병행,자격
일학습병행자격,일학습,병행,자격
일학습병행자격,일학습,병행,자격
일학습병행자격,일학습,병행,자격
일학습병행자격,일학습,병행,자격
일학습병행자격,일학습,병행,자격
일학습병행자격,일학습,병행,자격
일학습병행자격,일학습,병행,자격
일학습병행자격,일학습,병행,자격
일학습병행자격,일학습,병행,자격
일학습병행자격,일학습,병행,자격
일학습병행자격,일학습,병행,자격
일학습병행자격,일학습,병행,자격
일학습병행자격,일학습,병행,자격
일학습병행자격,일학습,병행,자격
일학습병행자격,일학습,병행,자격
일학습병행자격,일학습,병행,자격
일학습병행자격,일학습,병행,자격
일학습병행자격,일학습,병행,자격
일학습병행자격,일학습,병행,자격
일학습병행자격,일학습,병행,자격
일학습병행자격,일학습,병행,자격
일학습병행자격,일학습,병행,자격
일학습병행자격,일학습,병행,자격
일학습병행자격,일학습,병행,자격
일학습병행자격,일학습,병행,자격
일학습병행자격,일학습,병행,자격
일학습병행자격,일학습,병행,자격
일학습병행자격,일학습,병행,자격
일학습병행자격,일학습,병행,자격
일학습병행자격,일학습,병행,자격
일학습병행자격,일학습,병행,자격
일학습병행자격,일학습,병행,자격
일학습병행자격,일학습,병행,자격
일학습병행자격,일학습,병행,자격
일학습병행자격,일학습,병행,자격
일학습병행자격,일학습,병행,자격
일학습병행자격,일학습,병행,자격
일학습병행자격,일학습,병행,자격
과정평가형자격,과정,평가형,자격
과정평가형자격,과정,평가형,자격
과정평가형자격,과정,평가형,자격
과정평가형자격,과정,평가형,자격
일학습병행자격,일학습,병행,자격
일학습병행자격,일학습,병행,자격
일학습병행자격,일학습,병행,자격
일학습병행자격,일학습,병행,자격
일학습병행자격,일학습,병행,자격
일학습병행자격,일학습,병행,자격
일학습병행자격,일학습,병행,자격
일학습병행자격,일학습,병행,자격
일학습병행자격,일학습,병행,자격
일학습병행자격,일학습,병행,자격
일학습병행자격,일학습,병행,자격
일학습병행자격,일학습,병행,자격
일학습병행자격,일학습,병행,자격
일학습병행자격,일학습,병행,자격
일학습병행자격,일학습,병행,자격
일학습병행자격,일학습,병행,자격
일학습병행자격,일학습,병행,자격
일학습병행자격,일학습,병행,자격
일학습병행자격,일학습,병행,자격
일학습병행자격,일학습,병행,자격
일학습병행자격,일학습,병행,자격
일학습병행자격,일학습,병행,자격
일학습병행자격,일학습,병행,자격
일학습병행자격,일학습,병행,자격
일학습병행자격,일학습,병행,자격
일학습병행자격,일학습,병행,자격
일학습병행자격,일학습,병행,자격
일학습병행자격,일학습,병행,자격
일학습병행자격,일학습,병행,자격
일학습병행자격,일학습,병행,자격
일학습병행자격,일학습,병행,자격
일학습병행자격,일학습,병행,자격
일학습병행자격,일학습,병행,자격
일학습병행자격,일학습,병행,자격
일학습병행자격,일학습,병행,자격
일학습병행자격,일학습,병행,자격
일학습병행자격,일학습,병행,자격
일학습병행자격,일학습,병행,자격
일학습병행자격,일학습,병행,자격
일학습병행자격,일학습,병행,자격
일학습병행자격,일학습,병행,자격
일학습병행자격,일학습,병행,자격
일학습병행자격,일학습,병행,자격
일학습병행자격,일학습,병행,자격
일학습병행자격,일학습,병행,자격
국가전문자격,국가,전문,자격
일학습병행자격,일학습,병행,자격
일학습병행자격,일학습,병행,자격
일학습병행자격,일학습,병행,자격
일학습병행자격,일학습,병행,자격
일학습병행자격,일학습,병행,자격
일학습병행자격,일학습,병행,자격
일학습병행자격,일학습,병행,자격
일학습병행자격,일학습,병행,자격
일학습병행자격,일학습,병행,자격
일학습병행자격,일학습,병행,자격
일학습병행자격,일학습,병행,자격
일학습병행자격,일학습,병행,자격
일학습병행자격,일학습,병행,자격
일학습병행자격,일학습,병행,자격
일학습병행자격,일학습,병행,자격
일학습병행자격,일학습,병행,자격
일학습병행자격,일학습,병행,자격
일학습병행자격,일학습,병행,자격
일학습병행자격,일학습,병행,자격
일학습병행자격,일학습,병행,자격
일학습병행자격,일학습,병행,자격
일학습병행자격,일학습,병행,자격
일학습병행자격,일학습,병행,자격
일학습병행자격,일학습,병행,자격
일학습병행자격,일학습,병행,자격
일학습병행자격,일학습,병행,자격
일학습병행자격,일학습,병행,자격
일학습병행자격,일학습,병행,자격
일학습병행자격,일학습,병행,자격
일학습병행자격,일학습,병행,자격
일학습병행자격,일학습,병행,자격
일학습병행자격,일학습,병행,자격
일학습병행자격,일학습,병행,자격
일학습병행자격,일학습,병행,자격
일학습병행자격,일학습,병행,자격
일학습병행자격,일학습,병행,자격
일학습병행자격,일학습,병행,자격
일학습병행자격,일학습,병행,자격
일학습병행자격,일학습,병행,자격
일학습병행자격,일학습,병행,자격
일학습병행자격,일학습,병행,자격
일학습병행자격,일학습,병행,자격
일학습병행자격,일학습,병행,자격
일학습병행자격,일학습,병행,자격
일학습병행자격,일학습,병행,자격
과정평가형자격,과정,평가형,자격
일학습병행자격,일학습,병행,자격
일학습병행자격,일학습,병행,자격
일학습병행자격,일학습,병행,자격
일학습병행자격,일학습,병행,자격
일학습병행자격,일학습,병행,자격
일학습병행자격,일학습,병행,자격
일학습병행자격,일학습,병행,자격
일학습병행자격,일학습,병행,자격
일학습병행자격,일학습,병행,자격
일학습병행자격,일학습,병행,자격
일학습병행자격,일학습,병행,자격
일학습병행자격,일학습,병행,자격
일학습병행자격,일학습,병행,자격
일학습병행자격,일학습,병행,자격
일학습병행자격,일학습,병행,자격
일학습병행자격,일학습,병행,자격
일학습병행자격,일학습,병행,자격
일학습병행자격,일학습,병행,자격
일학습병행자격,일학습,병행,자격
일학습병행자격,일학습,병행,자격
일학습병행자격,일학습,병행,자격
일학습병행자격,일학습,병행,자격
일학습병행자격,일학습,병행,자격
일학습병행자격,일학습,병행,자격
일학습병행자격,일학습,병행,자격
일학습병행자격,일학습,병행,자격
일학습병행자격,일학습,병행,자격
일학습병행자격,일학습,병행,자격
일학습병행자격,일학습,병행,자격
일학습병행자격,일학습,병행,자격
일학습병행자격,일학습,병행,자격
일학습병행자격,일학습,병행,자격
일학습병행자격,일학습,병행,자격
일학습병행자격,일학습,병행,자격
일학습병행자격,일학습,병행,자격
일학습병행자격,일학습,병행,자격
일학습병행자격,일학습,병행,자격
일학습병행자격,일학습,병행,자격
일학습병행자격,일학습,병행,자격
일학습병행자격,일학습,병행,자격
일학습병행자격,일학습,병행,자격
일학습병행자격,일학습,병행,자격
일학습병행자격,일학습,병행,자격
일학습병행자격,일학습,병행,자격
일학습병행자격,일학습,병행,자격
일학습병행자격,일학습,병행,자격
일학습병행자격,일학습,병행,자격
일학습병행자격,일학습,병행,자격
일학습병행자격,일학습,병행,자격
과정평가형자격,일학습,병행,자격
일학습병행자격,일학습,병행,자격
일학습병행자격,일학습,병행,자격
일학습병행자격,일학습,병행,자격
과정평가형자격,과정,평가형,자격
일학습병행자격,일학습,병행,자격
일학습병행자격,일학습,병행,자격
일학습병행자격,일학습,병행,자격
일학습병행자격,일학습,병행,자격
일학습병행자격,일학습,병행,자격
일학습병행자격,일학습,병행,자격
일학습병행자격,일학습,병행,자격
일학습병행자격,일학습,병행,자격
일학습병행자격,일학습,병행,자격
일학습병행자격,일학습,병행,자격
일학습병행자격,일학습,병행,자격
일학습병행자격,일학습,병행,자격
일학습병행자격,일학습,병행,자격
일학습병행자격,일학습,병행,자격
일학습병행자격,일학습,병행,자격
일학습병행자격,일학습,병행,자격
일학습병행자격,일학습,병행,자격
일학습병행자격,일학습,병행,자격
일학습병행자격,일학습,병행,자격
일학습병행자격,일학습,병행,자격
일학습병행자격,일학습,병행,자격
일학습병행자격,일학습,병행,자격
일학습병행자격,일학습,병행,자격
일학습병행자격,일학습,병행,자격
일학습병행자격,일학습,병행,자격
일학습병행자격,일학습,병행,자격
일학습병행자격,일학습,병행,자격
일학습병행자격,일학습,병행,자격
일학습병행자격,일학습,병행,자격
일학습병행자격,일학습,병행,자격
일학습병행자격,일학습,병행,자격
일학습병행자격,일학습,병행,자격
일학습병행자격,일학습,병행,자격
일학습병행자격,일학습,병행,자격
일학습병행자격,일학습,병행,자격
과정평가형자격,과정,평가형,자격
과정평가형자격,과정,평가형,자격
과정평가형자격,과정,평가형,자격
일학습병행자격,일학습,병행,자격
일학습병행자격,일학습,병행,자격
일학습병행자격,일학습,병행,자격
일학습병행자격,일학습,병행,자격
일학습병행자격,일학습,병행,자격
일학습병행자격,일학습,병행,자격
일학습병행자격,일학습,병행,자격
일학습병행자격,일학습,병행,자격
일학습병행자격,일학습,병행,자격
과정평가형자격,과정,평가형,자격
과정평가형자격,과정,평가형,자격
과정평가형자격,과정,평가형,자격
일학습병행자격,일학습,병행,자격
일학습병행자격,일학습,병행,자격
일학습병행자격,일학습,병행,자격
일학습병행자격,일학습,병행,자격
일학습병행자격,일학습,병행,자격
일학습병행자격,일학습,병행,자격
일학습병행자격,일학습,병행,자격
일학습병행자격,일학습,병행,자격
일학습병행자격,일학습,병행,자격
일학습병행자격,일학습,병행,자격
일학습병행자격,일학습,병행,자격
일학습병행자격,일학습,병행,자격
일학습병행자격,일학습,병행,자격
일학습병행자격,일학습,병행,자격
일학습병행자격,일학습,병행,자격
일학습병행자격,일학습,병행,자격
일학습병행자격,일학습,병행,자격
일학습병행자격,일학습,병행,자격
일학습병행자격,일학습,병행,자격
일학습병행자격,일학습,병행,자격
일학습병행자격,일학습,병행,자격
일학습병행자격,일학습,병행,자격
일학습병행자격,일학습,병행,자격
일학습병행자격,일학습,병행,자격
일학습병행자격,일학습,병행,자격
일학습병행자격,일학습,병행,자격
일학습병행자격,일학습,병행,자격
일학습병행자격,일학습,병행,자격
일학습병행자격,일학습,병행,자격
일학습병행자격,일학습,병행,자격
일학습병행자격,일학습,병행,자격
일학습병행자격,일학습,병행,자격
일학습병행자격,일학습,병행,자격
일학습병행자격,일학습,병행,자격
일학습병행자격,일학습,병행,자격
일학습병행자격,일학습,병행,자격
과정평가형자격,과정,평가형,자격
과정평가형자격,과정,평가형,자격
과정평가형자격,과정,평가형,자격
과정평가형자격,과정,평가형,자격
과정평가형자격,과정,평가형,자격
과정평가형자격,과정,평가형,자격
과정평가형자격,과정,평가형,자격
과정평가형자격,과정,평가형,자격
과정평가형자격,과정,평가형,자격
과정평가형자격,과정,평가형,자격
과정평가형자격,과정,평가형,자격
과정평가형자격,과정,평가형,자격
과정평가형자격,과정,평가형,자격
일학습병행자격,일학습,병행,자격
일학습병행자격,일학습,병행,자격
일학습병행자격,일학습,병행,자격
일학습병행자격,일학습,병행,자격
과정평가형자격,과정,평가형,자격
과정평가형자격,과정,평가형,자격
일학습병행자격,일학습,병행,자격
국가기술자격,국가,기술,자격
일학습병행자격,일학습,병행,자격
일학습병행자격,일학습,병행,자격
일학습병행자격,일학습,병행,자격
일학습병행자격,일학습,병행,자격
일학습병행자격,일학습,병행,자격
일학습병행자격,일학습,병행,자격
일학습병행자격,일학습,병행,자격
일학습병행자격,일학습,병행,자격
일학습병행자격,일학습,병행,자격
일학습병행자격,일학습,병행,자격
일학습병행자격,일학습,병행,자격
일학습병행자격,일학습,병행,자격
일학습병행자격,일학습,병행,자격
일학습병행자격,일학습,병행,자격
일학습병행자격,일학습,병행,자격
일학습병행자격,일학습,병행,자격
일학습병행자격,일학습,병행,자격
일학습병행자격,일학습,병행,자격
일학습병행자격,일학습,병행,자격
일학습병행자격,일학습,병행,자격
일학습병행자격,일학습,병행,자격
일학습병행자격,일학습,병행,자격
일학습병행자격,일학습,병행,자격
일학습병행자격,일학습,병행,자격
일학습병행자격,일학습,병행,자격
일학습병행자격,일학습,병행,자격
일학습병행자격,일학습,병행,자격
일학습병행자격,일학습,병행,자격
일학습병행자격,일학습,병행,자격
일학습병행자격,일학습,병행,자격
일학습병행자격,일학습,병행,자격
일학습병행자격,일학습,병행,자격
일학습병행자격,일학습,병행,자격
일학습병행자격,일학습,병행,자격
일학습병행자격,일학습,병행,자격
일학습병행자격,일학습,병행,자격
일학습병행자격,일학습,병행,자격
일학습병행자격,일학습,병행,자격
일학습병행자격,일학습,병행,자격
일학습병행자격,일학습,병행,자격
일학습병행자격,일학습,병행,자격
일학습병행자격,일학습,병행,자격
일학습병행자격,일학습,병행,자격
국가기술자격,국가,기술,자격
일학습병행자격,일학습,병행,자격
일학습병행자격,일학습,병행,자격
일학습병행자격,일학습,병행,자격
일학습병행자격,일학습,병행,자격
일학습병행자격,일학습,병행,자격
일학습병행자격,일학습,병행,자격
일학습병행자격,일학습,병행,자격
일학습병행자격,일학습,병행,자격
일학습병행자격,일학습,병행,자격
일학습병행자격,일학습,병행,자격
일학습병행자격,일학습,병행,자격
일학습병행자격,일학습,병행,자격
일학습병행자격,일학습,병행,자격
일학습병행자격,일학습,병행,자격
일학습병행자격,일학습,병행,자격
일학습병행자격,일학습,병행,자격
일학습병행자격,일학습,병행,자격
일학습병행자격,일학습,병행,자격
일학습병행자격,일학습,병행,자격
일학습병행자격,일학습,병행,자격
일학습병행자격,일학습,병행,자격
일학습병행자격,일학습,병행,자격
일학습병행자격,일학습,병행,자격
일학습병행자격,일학습,병행,자격
일학습병행자격,일학습,병행,자격
일학습병행자격,일학습,병행,자격
일학습병행자격,일학습,병행,자격
일학습병행자격,일학습,병행,자격
일학습병행자격,일학습,병행,자격
일학습병행자격,일학습,병행,자격
일학습병행자격,일학습,병행,자격
일학습병행자격,일학습,병행,자격
일학습병행자격,일학습,병행,자격
일학습병행자격,일학습,병행,자격
일학습병행자격,일학습,병행,자격
일학습병행자격,일학습,병행,자격
일학습병행자격,일학습,병행,자격
일학습병행자격,일학습,병행,자격
일학습병행자격,일학습,병행,자격
일학습병행자격,일학습,병행,자격
일학습병행자격,일학습,병행,자격
일학습병행자격,일학습,병행,자격
일학습병행자격,일학습,병행,자격
일학습병행자격,일학습,병행,자격
일학습병행자격,일학습,병행,자격
일학습병행자격,일학습,병행,자격
일학습병행자격,일학습,병행,자격
일학습병행자격,일학습,병행,자격
일학습병행자격,일학습,병행,자격
일학습병행자격,일학습,병행,자격
일학습병행자격,일학습,병행,자격
일학습병행자격,일학습,병행,자격
일학습병행자격,일학습,병행,자격
일학습병행자격,일학습,병행,자격
일학습병행자격,일학습,병행,자격
일학습병행자격,일학습,병행,자격
일학습병행자격,일학습,병행,자격
일학습병행자격,일학습,병행,자격
일학습병행자격,일학습,병행,자격
일학습병행자격,일학습,병행,자격
일학습병행자격,일학습,병행,자격
일학습병행자격,일학습,병행,자격
일학습병행자격,일학습,병행,자격
일학습병행자격,일학습,병행,자격
일학습병행자격,일학습,병행,자격
일학습병행자격,일학습,병행,자격
일학습병행자격,일학습,병행,자격
일학습병행자격,일학습,병행,자격
일학습병행자격,일학습,병행,자격
일학습병행자격,일학습,병행,자격
일학습병행자격,일학습,병행,자격
일학습병행자격,일학습,병행,자격
일학습병행자격,일학습,병행,자격
국가기술자격,일학습,병행,자격
국가기술자격,일학습,병행,자격
일학습병행자격,일학습,병행,자격
일학습병행자격,일학습,병행,자격
일학습병행자격,일학습,병행,자격
일학습병행자격,일학습,병행,자격
일학습병행자격,일학습,병행,자격
과정평가형자격,과정,평가형,자격
과정평가형자격,과정,평가형,자격
일학습병행자격,일학습,병행,자격
국가기술자격,국가,기술,자격
과정평가형자격,과정,평가형,자격
과정평가형자격,과정,평가형,자격
과정평가형자격,과정,평가형,자격
과정평가형자격,과정,평가형,자격
일학습병행자격,일학습,병행,자격
일학습병행자격,일학습,병행,자격
일학습병행자격,일학습,병행,자격
일학습병행자격,일학습,병행,자격
일학습병행자격,일학습,병행,자격
일학습병행자격,일학습,병행,자격
일학습병행자격,일학습,병행,자격
일학습병행자격,일학습,병행,자격
일학습병행자격,일학습,병행,자격
일학습병행자격,일학습,병행,자격
일학습병행자격,일학습,병행,자격
일학습병행자격,일학습,병행,자격
일학습병행자격,일학습,병행,자격
일학습병행자격,일학습,병행,자격
일학습병행자격,일학습,병행,자격
일학습병행자격,일학습,병행,자격
일학습병행자격,일학습,병행,자격
일학습병행자격,일학습,병행,자격
일학습병행자격,일학습,병행,자격
일학습병행자격,일학습,병행,자격
일학습병행자격,일학습,병행,자격
일학습병행자격,일학습,병행,자격
일학습병행자격,일학습,병행,자격
일학습병행자격,일학습,병행,자격
일학습병행자격,일학습,병행,자격
일학습병행자격,일학습,병행,자격
일학습병행자격,일학습,병행,자격
일학습병행자격,일학습,병행,자격
일학습병행자격,일학습,병행,자격
일학습병행자격,일학습,병행,자격
일학습병행자격,일학습,병행,자격
일학습병행자격,일학습,병행,자격
일학습병행자격,일학습,병행,자격
일학습병행자격,일학습,병행,자격
일학습병행자격,일학습,병행,자격
일학습병행자격,일학습,병행,자격
일학습병행자격,일학습,병행,자격
일학습병행자격,일학습,병행,자격
일학습병행자격,일학습,병행,자격
일학습병행자격,일학습,병행,자격
일학습병행자격,일학습,병행,자격
일학습병행자격,일학습,병행,자격
일학습병행자격,일학습,병행,자격
일학습병행자격,일학습,병행,자격
일학습병행자격,일학습,병행,자격
일학습병행자격,일학습,병행,자격
일학습병행자격,일학습,병행,자격
일학습병행자격,일학습,병행,자격
일학습병행자격,일학습,병행,자격
일학습병행자격,일학습,병행,자격
일학습병행자격,일학습,병행,자격
일학습병행자격,일학습,병행,자격
국가기술자격,국가,기술,자격
일학습병행자격,일학습,병행,자격
일학습병행자격,일학습,병행,자격
일학습병행자격,일학습,병행,자격
일학습병행자격,일학습,병행,자격
일학습병행자격,일학습,병행,자격
일학습병행자격,일학습,병행,자격
일학습병행자격,일학습,병행,자격
일학습병행자격,일학습,병행,자격
일학습병행자격,일학습,병행,자격
일학습병행자격,일학습,병행,자격
국가기술자격,국가,기술,자격
일학습병행자격,일학습,병행,자격
일학습병행자격,일학습,병행,자격
과정평가형자격,과정,평가형,자격
일학습병행자격,일학습,병행,자격
일학습병행자격,일학습,병행,자격
일학습병행자격,일학습,병행,자격
일학습병행자격,일학습,병행,자격
일학습병행자격,일학습,병행,자격
일학습병행자격,일학습,병행,자격
일학습병행자격,일학습,병행,자격
일학습병행자격,일학습,병행,자격
일학습병행자격,일학습,병행,자격
일학습병행자격,일학습,병행,자격
과정평가형자격,과정,평가형,자격
과정평가형자격,과정,평가형,자격
일학습병행자격,일학습,병행,자격
국가기술자격,국가,기술,자격
과정평가형자격,과정,평가형,자격
과정평가형자격,과정,평가형,자격
과정평가형자격,과정,평가형,자격
과정평가형자격,과정,평가형,자격
과정평가형자격,과정,평가형,자격
일학습병행자격,일학습,병행,자격
일학습병행자격,일학습,병행,자격
일학습병행자격,일학습,병행,자격
일학습병행자격,일학습,병행,자격
일학습병행자격,일학습,병행,자격
일학습병행자격,일학습,병행,자격
일학습병행자격,일학습,병행,자격
과정평가형자격,과정,평가형,자격
과정평가형자격,과정,평가형,자격
과정평가형자격,과정,평가형,자격
국가기술자격,국가,기술,자격
국가기술자격,국가,기술,자격
일학습병행자격,일학습,병행,자격
과정평가형자격,과정,평가형,자격
과정평가형자격,과정,평가형,자격
일학습병행자격,일학습,병행,자격
일학습병행자격,일학습,병행,자격
일학습병행자격,일학습,병행,자격
일학습병행자격,일학습,병행,자격
일학습병행자격,일학습,병행,자격
일학습병행자격,일학습,병행,자격
일학습병행자격,일학습,병행,자격
일학습병행자격,일학습,병행,자격
과정평가형자격,과정,평가형,자격
일학습병행자격,일학습,병행,자격
일학습병행자격,일학습,병행,자격
일학습병행자격,일학습,병행,자격
일학습병행자격,일학습,병행,자격
일학습병행자격,일학습,병행,자격
일학습병행자격,일학습,병행,자격
일학습병행자격,일학습,병행,자격
국가기술자격,국가,기술,자격
일학습병행자격,일학습,병행,자격
일학습병행자격,일학습,병행,자격
일학습병행자격,일학습,병행,자격
일학습병행자격,일학습,병행,자격
일학습병행자격,일학습,병행,자격
일학습병행자격,일학습,병행,자격
국가기술자격,국가,기술,자격
과정평가형자격,과정,평가형,자격
과정평가형자격,과정,평가형,자격
과정평가형자격,과정,평가형,자격
과정평가형자격,과정,평가형,자격
과정평가형자격,과정,평가형,자격
과정평가형자격,과정,평가형,자격
과정평가형자격,과정,평가형,자격
일학습병행자격,일학습,병행,자격
일학습병행자격,일학습,병행,자격
일학습병행자격,일학습,병행,자격
일학습병행자격,일학습,병행,자격
일학습병행자격,일학습,병행,자격
일학습병행자격,일학습,병행,자격
과정평가형자격,과정,평가형,자격
과정평가형자격,과정,평가형,자격
