고유 번호,자격구분명,계열명,종목명,상세분야,언어,급수
1,국가전문자격,세무사,세무사,,,
2,국가전문자격,관세사,관세사,,,
3,국가전문자격,관광통역안내사,관광통역안내사,,영어,
4,국가전문자격,국내여행안내사,국내여행안내사,,,
5,국가전문자격,호텔경영사,호텔경영사,,,
6,국가전문자격,호텔관리사,호텔관리사,,,
7,국가전문자격,관광통역안내사,관광통역안내사,,불어,
8,국가전문자격,정수시설운영관리사,정수시설운영관리사,,,3급
9,국가전문자격,정수시설운영관리사,정수시설운영관리사,,,2급
10,국가전문자격,정수시설운영관리사,정수시설운영관리사,,,1급
11,국가전문자격,경비지도사,기계경비지도사,,,
12,국가전문자격,경비지도사,일반경비지도사,,,
13,국가전문자격,국가유산수리기술자,국가유산수리기술자,식물보호,,
14,국가전문자격,국가유산수리기술자,국가유산수리기술자,보존과학,,
15,국가전문자격,관광통역안내사,관광통역안내사,,독어,
16,국가전문자격,관광통역안내사,관광통역안내사,,스페인어,
17,국가전문자격,관광통역안내사,관광통역안내사,,러시아어,
18,국가전문자격,검량사,검량사,,,
19,국가전문자격,감정사,감정사,,,
20,국가전문자격,관광통역안내사,관광통역안내사,,일본어,
21,국가전문자격,한국어교육능력검정시험,한국어교육능력검정시험,,,
22,국가전문자격,국가유산수리기술자,국가유산수리기술자,조경,,
23,국가전문자격,국가유산수리기술자,국가유산수리기술자,실측설계,,
24,국가전문자격,국가유산수리기술자,국가유산수리기술자,보수,,
25,국가전문자격,국가유산수리기술자,국가유산수리기술자,단청,,
26,국가전문자격,가맹거래사,가맹거래사,,,
27,국가전문자격,박물관 및 미술관 준학예사,박물관및미술관준학예사,,,
28,국가전문자격,사회복지사 1급,사회복지사,,,1급
29,국가전문자격,변리사,변리사,,,
30,국가전문자격,방사성동위원소취급자일반면허,방사성동위원소취급자일반면허,,,
31,국가전문자격,공인노무사,공인노무사,,,
32,국가전문자격,물류관리사,물류관리사,,,
33,국가전문자격,농산물품질관리사,농산물품질관리사,,,
34,국가전문자격,주택관리사보,주택관리사보,,,
35,국가전문자격,소방시설관리사,소방시설관리사,,,
36,국가전문자격,소방안전교육사,소방안전교육사,,,
37,국가전문자격,공인중개사,공인중개사,,,
38,국가전문자격,경영지도사,경영지도사,,,
39,국가전문자격,기술지도사,기술지도사,,,
40,국가전문자격,검수사,검수사,,,
41,국가전문자격,관광통역안내사,관광통역안내사,,중국어,
42,국가전문자격,호텔서비스사,호텔서비스사,,,
43,국가전문자격,방사성동위원소취급자특수면허,방사성동위원소취급자특수면허,,,
44,국가전문자격,방사선취급감독자면허,방사선취급감독자면허,,,
45,국가전문자격,경영지도사,경영지도사,인적자원관리,,
46,국가전문자격,경영지도사,경영지도사,재무관리,,
47,국가전문자격,경영지도사,경영지도사,생산관리,,
48,국가전문자격,경영지도사,경영지도사,마케팅,,
49,국가전문자격,국가유산수리기능자(24종목),국가유산수리기능자,대목수,,
50,국가전문자격,국가유산수리기능자(24종목),국가유산수리기능자,소목수,,
51,국가전문자격,국가유산수리기능자(24종목),국가유산수리기능자,가공석공,,
52,국가전문자격,국가유산수리기능자(24종목),국가유산수리기능자,쌓기석공,,
53,국가전문자격,국가유산수리기능자(24종목),국가유산수리기능자,화공,,
54,국가전문자격,국가유산수리기능자(24종목),국가유산수리기능자,드잡이공,,
55,국가전문자격,국가유산수리기능자(24종목),국가유산수리기능자,번와와공,,
56,국가전문자격,국가유산수리기능자(24종목),국가유산수리기능자,제작와공,,
57,국가전문자격,국가유산수리기능자(24종목),국가유산수리기능자,한식미장공,,
58,국가전문자격,국가유산수리기능자(24종목),국가유산수리기능자,철물공,,
59,국가전문자격,국가유산수리기능자(24종목),국가유산수리기능자,목조각공,,
60,국가전문자격,국가유산수리기능자(24종목),국가유산수리기능자,석조각공,,
61,국가전문자격,국가유산수리기능자(24종목),국가유산수리기능자,칠공,,
62,국가전문자격,국가유산수리기능자(24종목),국가유산수리기능자,도금공,,
63,국가전문자격,국가유산수리기능자(24종목),국가유산수리기능자,표구공,,
64,국가전문자격,국가유산수리기능자(24종목),국가유산수리기능자,조경공,,
65,국가전문자격,국가유산수리기능자(24종목),국가유산수리기능자,세척공,,
66,국가전문자격,국가유산수리기능자(24종목),국가유산수리기능자,보존처리공,,
67,국가전문자격,국가유산수리기능자(24종목),국가유산수리기능자,식물보호공,,
68,국가전문자격,국가유산수리기능자(24종목),국가유산수리기능자,실측설계사보,,
69,국가전문자격,국가유산수리기능자(24종목),국가유산수리기능자,박제및표본제작공,,
70,국가전문자격,감정평가사,감정평가사,,,
71,국가전문자격,국가유산수리기능자(24종목),국가유산수리기능자,훈증공,,
72,국가기술자격,기능사,도자공예기능사,,,
73,국가기술자격,기능사,중식조리기능사,,,
74,국가기술자격,기능사,복어조리기능사,,,
75,국가기술자격,기능사,조주기능사,,,
76,국가기술자격,기능사,피아노조율기능사,,,
77,국가기술자격,기능사,이용사,,,
78,국가기술자격,기능사,한식조리기능사,,,
79,국가기술자격,기능사,양식조리기능사,,,
80,국가기술자격,기능사,일식조리기능사,,,
81,국가기술자격,기능사,신발제조기능사,,,
82,국가기술자격,기능사,환경기능사,,,
83,국가기술자격,기능사,콘크리트기능사,,,
84,국가기술자격,기능사,자기비파괴검사기능사,,,
85,국가기술자격,기능사,침투비파괴검사기능사,,,
86,국가기술자격,기능사,한복기능사,,,
87,국가기술자격,기능사,정보기기운용기능사,,,
88,국가기술자격,기능사,선체설계기능사,,,
89,국가기술자격,기능사,선체건조기능사,,,
90,국가기술자격,기능사,염색기능사,침염,,
91,국가기술자격,기능사,정보처리기능사,,,
92,국가기술자격,기능사,염색기능사,날염,,
93,국가기술자격,기능사,석공기능사,,,
94,국가기술자격,기능사,철도토목기능사,,,
95,국가기술자격,기능사,전자계산기기능사,,,
96,국가기술자격,기능사,화학분석기능사,,,
97,국가기술자격,기능사,도배기능사,,,
98,국가기술자격,기능사,전자기능사,,,
99,국가기술자격,기능사,타일기능사,,,
100,국가기술자격,기능사,건축도장기능사,,,
101,국가기술자격,기능사,석공예기능사,,,
102,국가기술자격,기능사,유리시공기능사,,,
103,국가기술자격,기능사,실내건축기능사,,,
104,국가기술자격,기능사,온수온돌기능사,,,
105,국가기술자격,기능사,거푸집기능사,,,
106,국가기술자격,기능사,비계기능사,,,
107,국가기술자격,기능사,귀금속가공기능사,,,
108,국가기술자격,기능사,방사선비파괴검사기능사,,,
109,국가기술자격,기능사,항공사진기능사,,,
110,국가기술자격,기능사,지도제작기능사,,,
111,국가기술자격,기능사,초음파비파괴검사기능사,,,
112,국가기술자격,기능사,건설재료시험기능사,,,
113,국가기술자격,기능사,가구제작기능사,,,
114,국가기술자격,기능사,금속도장기능사,,,
115,국가기술자격,기능사,제과기능사,,,
116,국가기술자격,기능사,제빵기능사,,,
117,국가기술자격,기능사,보석가공기능사,,,
118,국가기술자격,기능사,조경기능사,,,
119,국가기술자격,기능사,도화기능사,,,
120,국가기술자격,기능사,보석감정사,,,
121,국가기술자격,기능사,지게차운전기능사,,,
122,국가기술자격,기능사,롤러운전기능사,,,
123,국가기술자격,기능사,양화장치운전기능사,,,
124,국가기술자격,기능사,승강기기능사,,,
125,국가기술자격,기능사,세탁기능사,,,
126,국가기술자격,기능사,화약취급기능사,,,
127,국가기술자격,기능사,수산양식기능사,,,
128,국가기술자격,기능사,로더운전기능사,,,
129,국가기술자격,기능사,목공예기능사,,,
130,국가기술자격,기능사,축산기능사,,,
131,국가기술자격,기능사,식육처리기능사,,,
132,국가기술자격,기능사,버섯종균기능사,,,
133,국가기술자격,기능사,기중기운전기능사,,,
134,국가기술자격,기능사,굴착기운전기능사,,,
135,국가기술자격,기능사,불도저운전기능사,,,
136,국가기술자격,기능사,산림기능사,,,
137,국가기술자격,기능사,잠수기능사,,,
138,국가기술자격,기능사,종자기능사,,,
139,국가기술자격,기능사,지적기능사,,,
140,국가기술자격,기능사,임업종묘기능사,,,
141,국가기술자격,기능사,철근기능사,,,
142,국가기술자격,기능사,사진기능사,,,
143,국가기술자격,기능사,컴퓨터그래픽기능사,,,
144,국가기술자격,기능사,기계가공조립기능사,,,
145,국가기술자격,기능사,공조냉동기계기능사,,,
146,국가기술자격,기능사,가스기능사,,,
147,국가기술자격,기사,직업상담사2급,,,
148,국가기술자격,기사,사회조사분석사1급,,,
149,국가기술자격,기사,사회조사분석사2급,,,
150,국가기술자격,기능사,건축목공기능사,,,
151,국가기술자격,기능사,금속재창호기능사,,,
152,국가기술자격,기능사,미장기능사,,,
153,국가기술자격,기능사,열처리기능사,,,
154,국가기술자격,기능사,방수기능사,,,
155,국가기술자격,기능사,전산응용건축제도기능사,,,
156,국가기술자격,기능사,조적기능사,,,
157,국가기술자격,기사,양식조리산업기사,,,
158,국가기술자격,기사,일식조리산업기사,,,
159,국가기술자격,기사,중식조리산업기사,,,
160,국가기술자격,기사,복어조리산업기사,,,
161,국가기술자격,기능사,측량기능사,,,
162,국가기술자격,기능사,축로기능사,,,
163,국가기술자격,기능사,농기계정비기능사,,,
164,국가기술자격,기능사,자동차정비기능사,,,
165,국가기술자격,기능사,주조기능사,,,
166,국가기술자격,기능사,자동차차체수리기능사,,,
167,국가기술자격,기능사,금속재료시험기능사,,,
168,국가기술자격,기능사,제선기능사,,,
169,국가기술자격,기능사,전산응용기계제도기능사,,,
170,국가기술자격,기능사,정밀측정기능사,,,
171,국가기술자격,기능사,농기계운전기능사,,,
172,국가기술자격,기능장,건축일반시공기능장,,,
173,국가기술자격,기능장,주조기능장,,,
174,국가기술자격,기능장,표면처리기능장,,,
175,국가기술자격,기능장,자동차정비기능장,,,
176,국가기술자격,기능장,건설기계정비기능장,,,
177,국가기술자격,기사,교통산업기사,,,
178,국가기술자격,기사,귀금속가공산업기사,,,
179,국가기술자격,기사,어로산업기사,,,
180,국가기술자격,기능장,철도차량정비기능장,,,
181,국가기술자격,기능장,금형기능장,,,
182,국가기술자격,기능장,배관기능장,,,
183,국가기술자격,기사,산업위생관리산업기사,,,
184,국가기술자격,기능장,판금제관기능장,,,
185,국가기술자격,기능장,용접기능장,,,
186,국가기술자격,기사,폐기물처리산업기사,,,
187,국가기술자격,기사,포장산업기사,,,
188,국가기술자격,기사,제품디자인산업기사,,,
189,국가기술자격,기사,공조냉동기계산업기사,,,
190,국가기술자격,기사,화약류제조산업기사,,,
191,국가기술자격,기사,실내건축산업기사,,,
192,국가기술자격,기사,정보처리산업기사,,,
193,국가기술자격,기사,건설재료시험산업기사,,,
194,국가기술자격,기사,방사선비파괴검사산업기사,,,
195,국가기술자격,기사,한식조리산업기사,,,
196,국가기술자격,기사,패션디자인산업기사,,,
197,국가기술자격,기사,섬유디자인산업기사,,,
198,국가기술자격,기능사,전산응용토목제도기능사,,,
199,국가기술자격,기능장,조리기능장,,,
200,국가기술자격,기능장,제과기능장,,,
201,국가기술자격,기능장,미용장,,,
202,국가기술자격,기능장,이용장,,,
203,국가기술자격,기능장,귀금속가공기능장,,,
204,국가기술자격,기능장,건축목재시공기능장,,,
205,국가기술자격,기사,초음파비파괴검사산업기사,,,
206,국가기술자격,기사,침투비파괴검사산업기사,,,
207,국가기술자격,기능장,기계가공기능장,,,
208,국가기술자격,기능장,가스기능장,,,
209,국가기술자격,기능장,전자기능장,,,
210,국가기술자격,기사,소방설비산업기사,전기분야,,
211,국가기술자격,기사,소음진동산업기사,,,
212,국가기술자격,기능장,금속재료기능장,,,
213,국가기술자격,기능장,제선기능장,,,
214,국가기술자격,기능장,제강기능장,,,
215,국가기술자격,기능장,압연기능장,,,
216,국가기술자격,기사,피아노조율산업기사,,,
217,국가기술자격,기사,소방설비산업기사,기계분야,,
218,국가기술자격,기사,자기비파괴검사산업기사,,,
219,국가기술자격,기능장,에너지관리기능장,,,
220,국가기술자격,기사,농업기계산업기사,,,
221,국가기술자격,기사,사출금형산업기사,,,
222,국가기술자격,기사,공조냉동기계기사,,,
223,국가기술자격,기사,프레스금형산업기사,,,
224,국가기술자격,기사,철도차량산업기사,,,
225,국가기술자격,기사,소방설비기사,기계분야,,
226,국가기술자격,기사,대기환경기사,,,
227,국가기술자격,기사,용접산업기사,,,
228,국가기술자격,기사,가스기사,,,
229,국가기술자격,기사,건축기사,,,
230,국가기술자격,기사,건축설비기사,,,
231,국가기술자격,기사,폐기물처리기사,,,
232,국가기술자격,기사,기계조립산업기사,,,
233,국가기술자격,기사,축산기사,,,
234,국가기술자격,기사,임산가공기사,,,
235,국가기술자격,기사,식품안전기사,,,
236,국가기술자격,기사,수산제조기사,,,
237,국가기술자격,기사,승강기기사,,,
238,국가기술자격,기사,종자기사,,,
239,국가기술자격,기사,포장기사,,,
240,국가기술자격,기사,제품디자인기사,,,
241,국가기술자격,기사,시설원예기사,,,
242,국가기술자격,기사,시각디자인기사,,,
243,국가기술자격,기사,바이오화학제품제조기사,,,
244,국가기술자격,기술사,폐기물처리기술사,,,
245,국가기술자격,기사,화약류관리기사,,,
246,국가기술자격,기사,산업위생관리기사,,,
247,국가기술자격,기사,해양공학기사,,,
248,국가기술자격,기사,광학기사,,,
249,국가기술자격,기사,산업안전기사,,,
250,국가기술자격,기사,건설안전기사,,,
251,국가기술자격,기사,측량및지형공간정보기사,,,
252,국가기술자격,기사,프레스금형기사,,,
253,국가기술자격,기사,철도차량기사,,,
254,국가기술자격,기사,지적기사,,,
255,국가기술자격,기사,인쇄설계기사,,,
256,국가기술자격,기사,해양환경기사,,,
257,국가기술자격,기사,해양자원개발기사,,,
258,국가기술자격,기사,건설기계설비기사,,,
259,국가기술자격,기사,건설기계정비기사,,,
260,국가기술자격,기사,일반기계기사,,,
261,국가기술자격,기사,용접기사,,,
262,국가기술자격,기사,도시계획기사,,,
263,국가기술자격,기사,조경기사,,,
264,국가기술자격,기사,농업기계기사,,,
265,국가기술자격,기사,사출금형기사,,,
266,국가기술자격,기술사,소음진동기술사,,,
267,국가기술자격,기술사,농화학기술사,,,
268,국가기술자격,기사,정보처리기사,,,
269,국가기술자격,기사,전자계산기기사,,,
270,국가기술자격,기사,전자계산기조직응용기사,,,
271,국가기술자격,기사,실내건축기사,,,
272,국가기술자격,기술사,교통기술사,,,
273,국가기술자격,기사,수산양식기사,,,
274,국가기술자격,기사,침투비파괴검사기사,,,
275,국가기술자격,기사,와전류비파괴검사기사,,,
276,국가기술자격,기사,수질환경기사,,,
277,국가기술자격,기사,소음진동기사,,,
278,국가기술자격,기사,누설비파괴검사기사,,,
279,국가기술자격,기사,기상기사,,,
280,국가기술자격,기사,의류기사,,,
281,국가기술자격,기사,소방설비기사,전기분야,,
282,국가기술자격,기사,자기비파괴검사기사,,,
283,국가기술자격,기사,식물보호기사,,,
284,국가기술자격,기사,임업종묘기사,,,
285,국가기술자격,기사,건축일반시공산업기사,,,
286,국가기술자격,기사,건축목공산업기사,,,
287,국가기술자격,기사,대기환경산업기사,,,
288,국가기술자격,기사,수질환경산업기사,,,
289,국가기술자격,기사,조선산업기사,,,
290,국가기술자격,기사,식물보호산업기사,,,
291,국가기술자격,기사,수산양식산업기사,,,
292,국가기술자격,기사,잠수산업기사,,,
293,국가기술자격,기사,건축산업기사,,,
294,국가기술자격,기사,건축설비산업기사,,,
295,국가기술자격,기사,전기산업기사,,,
296,국가기술자격,기사,전기공사산업기사,,,
297,국가기술자격,기사,산림산업기사,,,
298,국가기술자격,기사,축산산업기사,,,
299,국가기술자격,기사,식품산업기사,,,
300,국가기술자격,기사,철도신호산업기사,,,
301,국가기술자격,기사,전자산업기사,,,
302,국가기술자격,기사,화약류관리산업기사,,,
303,국가기술자격,기사,종자산업기사,,,
304,국가기술자격,기사,가스산업기사,,,
305,국가기술자격,기사,항공산업기사,,,
306,국가기술자격,기사,토목산업기사,,,
307,국가기술자격,기사,주조산업기사,,,
308,국가기술자격,기사,표면처리산업기사,,,
309,국가기술자격,기사,시각디자인산업기사,,,
310,국가기술자격,기사,건설안전산업기사,,,
311,국가기술자격,기사,디지털인쇄산업기사,,,
312,국가기술자격,기사,승강기산업기사,,,
313,국가기술자격,기사,측량및지형공간정보산업기사,,,
314,국가기술자격,기사,지적산업기사,,,
315,국가기술자격,기사,금속재료산업기사,,,
316,국가기술자격,기사,정밀측정산업기사,,,
317,국가기술자격,기사,해양조사산업기사,,,
318,국가기술자격,기사,산업안전산업기사,,,
319,국가기술자격,기사,조경산업기사,,,
320,국가기술자격,기사,자동차정비산업기사,,,
321,국가기술자격,기사,건설기계설비산업기사,,,
322,국가기술자격,기사,배관산업기사,,,
323,국가기술자격,기사,방사선비파괴검사기사,,,
324,국가기술자격,기사,초음파비파괴검사기사,,,
325,국가기술자격,기사,철도신호기사,,,
326,국가기술자격,기사,전기철도기사,,,
327,국가기술자격,기사,건설기계정비산업기사,,,
328,국가기술자격,기사,기계설계산업기사,,,
329,국가기술자격,기사,건설재료시험기사,,,
330,국가기술자격,기사,교통기사,,,
331,국가기술자격,기사,철도토목기사,,,
332,국가기술자격,기사,자동화설비산업기사,,,
333,국가기술자격,기사,설비보전산업기사,,,
334,국가기술자격,기사,임상심리사,,,1급
335,국가기술자격,기사,임상심리사,,,2급
336,국가기술자격,기사,텔레마케팅관리사,,,
337,국가기술자격,기사,멀티미디어콘텐츠제작전문가,,,
338,국가기술자격,기술사,전자응용기술사,,,
339,국가기술자격,기술사,발송배전기술사,,,
340,국가기술자격,기술사,소방기술사,,,
341,국가기술자격,기능사,천장크레인운전기능사,,,
342,국가기술자격,기능사,선박기관정비기능사,,,
343,국가기술자격,기사,응용지질기사,,,
344,국가기술자격,기사,사무자동화산업기사,,,
345,국가기술자격,기능사,플라스틱창호기능사,,,
346,국가기술자격,기사,소비자전문상담사,,,1급
347,국가기술자격,기술사,전기응용기술사,,,
348,국가기술자격,기술사,철도신호기술사,,,
349,국가기술자격,기사,콘크리트기사,,,
350,국가기술자격,기사,콘크리트산업기사,,,
351,국가기술자격,기능사,화훼장식기능사,,,
352,국가기술자격,기능사,웹디자인개발기능사,,,
353,국가기술자격,기사,자연생태복원기사,,,
354,국가기술자격,기사,자연생태복원산업기사,,,
355,국가기술자격,기사,토양환경기사,,,
356,국가기술자격,기술사,토양환경기술사,,,
357,국가기술자격,기술사,자연환경관리기술사,,,
358,국가기술자격,기사,궤도장비정비기사,,,
359,국가기술자격,기사,궤도장비정비산업기사,,,
360,국가기술자격,기능사,궤도장비정비기능사,,,
361,국가기술자격,기술사,금속재료기술사,,,
362,국가기술자격,기술사,표면처리기술사,,,
363,국가기술자격,기술사,금속가공기술사,,,
364,국가기술자격,기술사,차량기술사,,,
365,국가기술자격,기사,유기농업기사,,,
366,국가기술자격,기사,유기농업산업기사,,,
367,국가기술자격,기사,생물분류기사,식물,,
368,국가기술자격,기사,생물분류기사,동물,,
369,국가기술자격,기술사,인간공학기술사,,,
370,국가기술자격,기사,인간공학기사,,,
371,국가기술자격,기술사,공조냉동기계기술사,,,
372,국가기술자격,기술사,건설기계기술사,,,
373,국가기술자격,기술사,대기관리기술사,,,
374,국가기술자격,기술사,수질관리기술사,,,
375,국가기술자격,기술사,축산기술사,,,
376,국가기술자격,기사,항공기사,,,
377,국가기술자격,기사,토목기사,,,
378,국가기술자격,기술사,수산제조기술사,,,
379,국가기술자격,기술사,제품디자인기술사,,,
380,국가기술자격,기술사,종자기술사,,,
381,국가기술자격,기술사,시설원예기술사,,,
382,국가기술자격,기술사,세라믹기술사,,,
383,국가기술자격,기술사,식품기술사,,,
384,국가기술자격,기술사,토목품질시험기술사,,,
385,국가기술자격,기사,전기기사,,,
386,국가기술자격,기사,전기공사기사,,,
387,국가기술자격,기사,전자기사,,,
388,국가기술자격,기술사,비파괴검사기술사,,,
389,국가기술자격,기술사,산업위생관리기술사,,,
390,국가기술자격,기술사,가스기술사,,,
391,국가기술자격,기술사,공장관리기술사,,,
392,국가기술자격,기술사,품질관리기술사,,,
393,국가기술자격,기사,화공기사,,,
394,국가기술자격,기사,화약류제조기사,,,
395,국가기술자격,기술사,포장기술사,,,
396,국가기술자격,기술사,기계안전기술사,,,
397,국가기술자격,기술사,화공안전기술사,,,
398,국가기술자격,기술사,전기안전기술사,,,
399,국가기술자격,기술사,건설안전기술사,,,
400,국가기술자격,기술사,측량및지형공간정보기술사,,,
401,국가기술자격,기술사,지적기술사,,,
402,국가기술자격,기술사,해양기술사,,,
403,국가기술자격,기술사,수산양식기술사,,,
404,국가기술자격,기술사,어업기술사,,,
405,국가기술자격,기술사,도시계획기술사,,,
406,국가기술자격,기능사,전자캐드기능사,,,
407,국가기술자격,기사,자동차정비기사,,,
408,국가기술자격,기술사,정보관리기술사,,,
409,국가기술자격,기술사,조경기술사,,,
410,국가기술자격,기술사,용접기술사,,,
411,국가기술자격,기술사,금형기술사,,,
412,국가기술자격,기술사,의류기술사,,,
413,국가기술자격,기술사,화약류관리기술사,,,
414,국가기술자격,기술사,건축품질시험기술사,,,
415,국가기술자격,기술사,건축구조기술사,,,
416,국가기술자격,기술사,건축기계설비기술사,,,
417,국가기술자격,기술사,건축전기설비기술사,,,
418,국가기술자격,기술사,건축시공기술사,,,
419,국가기술자격,기술사,전기철도기술사,,,
420,국가기술자격,기술사,수자원개발기술사,,,
421,국가기술자격,기술사,상하수도기술사,,,
422,국가기술자격,기술사,농어업토목기술사,,,
423,국가기술자격,기술사,토목시공기술사,,,
424,국가기술자격,기술사,토질및기초기술사,,,
425,국가기술자격,기술사,지질및지반기술사,,,
426,국가기술자격,기술사,토목구조기술사,,,
427,국가기술자격,기술사,항만및해안기술사,,,
428,국가기술자격,기술사,도로및공항기술사,,,
429,국가기술자격,기술사,철도기술사,,,
430,국가기술자격,기술사,철도차량기술사,,,
431,국가기술자격,기능사,자동화설비기능사,,,
432,국가기술자격,기사,패션머천다이징산업기사,,,
433,국가기술자격,기사,항로표지기사,,,
434,국가기술자격,기사,항로표지산업기사,,,
435,국가기술자격,기능사,항로표지기능사,,,
436,국가기술자격,기사,컬러리스트기사,,,
437,국가기술자격,기사,컬러리스트산업기사,,,
438,국가기술자격,기능사,제품응용모델링기능사,,,
439,국가기술자격,기술사,기상예보기술사,,,
440,국가기술자격,기술사,항공기체기술사,,,
441,국가기술자격,기술사,항공기관기술사,,,
442,국가기술자격,기능사,전자출판기능사,,,
443,국가기술자격,기사,컨벤션기획사,,,1급
444,국가기술자격,기사,소비자전문상담사,,,2급
445,국가기술자격,기능장,전기기능장,,,
446,국가기술자격,기능사,배관기능사,,,
447,국가기술자격,기능사,표면처리기능사,,,
448,국가기술자격,기능사,인쇄기능사,,,
449,국가기술자격,기능사,식품가공기능사,,,
450,국가기술자격,기능사,전기기능사,,,
451,국가기술자격,기능사,원예기능사,,,
452,국가기술자격,기사,철도운송산업기사,,,
453,국가기술자격,기술사,산림기술사,,,
454,국가기술자격,기사,금속재료기사,,,
455,국가기술자격,기사,전자계산기제어산업기사,,,
456,국가기술자격,기능사,컴퓨터응용선반기능사,,,
457,국가기술자격,기능사,컴퓨터응용밀링기능사,,,
458,국가기술자격,기능사,철도차량정비기능사,,,
459,국가기술자격,기능사,압연기능사,,,
460,국가기술자격,기능사,피복아크용접기능사,,,
461,국가기술자격,기사,어업생산관리기사,,,
462,국가기술자격,기사,에너지관리기사,,,
463,국가기술자격,기사,에너지관리산업기사,,,
464,국가기술자격,기사,화훼장식기사,,,
465,국가기술자격,기사,스포츠경영관리사,,,
466,국가기술자격,기술사,산업계측제어기술사,,,
467,국가기술자격,기사,위험물산업기사,,,
468,국가기술자격,기능장,위험물기능장,,,
469,국가기술자격,기능사,유기농업기능사,,,
470,국가기술자격,기능사,자동차보수도장기능사,,,
471,국가기술자격,기사,설비보전기사,,,
472,국가기술자격,기능사,설비보전기능사,,,
473,국가기술자격,기사,전자부품장착산업기사,,,
474,국가기술자격,기능사,전자부품장착기능사,,,
475,국가기술자격,기사,화학분석기사,,,
476,국가기술자격,기능사,타워크레인운전기능사,,,
477,국가기술자격,기사,반도체설계산업기사,,,
478,국가기술자격,기사,컨벤션기획사,,,2급
479,국가기술자격,기술사,산업기계설비기술사,,,
480,국가기술자격,기술사,화공기술사,,,
481,국가기술자격,기술사,조선기술사,,,
482,국가기술자격,기사,직업상담사,,,1급
483,국가기술자격,기사,품질경영기사,,,
484,국가기술자격,기능사,의료전자기능사,,,
485,국가기술자격,기사,의공산업기사,,,
486,국가기술자격,기사,의공기사,,,
487,국가기술자격,기능사,미용사,일반,,
488,국가기술자격,기능사,미용사,피부,,
489,국가기술자격,기사,전기철도산업기사,,,
490,국가기술자격,기사,산림기사,,,
491,국가기술자격,기사,판금제관산업기사,,,
492,국가기술자격,기사,컴퓨터응용가공산업기사,,,
493,국가기술자격,기사,품질경영산업기사,,,
494,국가전문자격,경매사,경매사,수산,,
495,국가전문자격,경매사,경매사,축산,,
496,국가전문자격,경매사,경매사,약용,,
497,국가전문자격,관광통역안내사,관광통역안내사,,,
498,국가전문자격,관광통역안내사,관광통역안내사,,아랍어,
499,국가전문자격,관광통역안내사,관광통역안내사,,베트남어,
500,국가전문자격,관광통역안내사,관광통역안내사,,말레이/인도네시아어,
501,국가전문자격,경매사,경매사,화훼,,
502,국가전문자격,경매사,경매사,양곡,,
503,국가전문자격,관광통역안내사,관광통역안내사,,이탈리아어,
504,국가전문자격,경매사,경매사,청과,,
505,국가전문자격,청소년지도사,청소년지도사,,,1급
506,국가전문자격,청소년지도사,청소년지도사,,,2급
507,국가전문자격,청소년지도사,청소년지도사,,,3급
508,국가전문자격,청소년상담사,청소년상담사,,,1급
509,국가전문자격,청소년상담사,청소년상담사,,,2급
510,국가전문자격,청소년상담사,청소년상담사,,,3급
511,국가기술자격,기술사,기계기술사,,,
512,국가기술자격,기술사,컴퓨터시스템응용기술사,,,
513,국가기술자격,기술사,섬유기술사,,,
514,국가기술자격,기능사,금형기능사,,,
515,국가기술자격,기능사,건설기계정비기능사,,,
516,국가기술자격,기능사,판금제관기능사,,,
517,국가기술자격,기능사,남성복기능사,,,
518,국가기술자격,기능사,제강기능사,,,
519,국가기술자격,기사,기상감정기사,,,
520,국가기술자격,기사,재료조직평가산업기사,,,
521,국가기술자격,기사,섬유기사,,,
522,국가기술자격,기능사,에너지관리기능사,,,
523,국가기술자격,기능사,여성복기능사,,,
524,국가기술자격,기능사,위험물기능사,,,
525,국가기술자격,기능사,컨테이너크레인운전기능사,,,
526,국가기술자격,기사,섬유산업기사,,,
527,국가기술자격,기능사,철도전기신호기능사,,,
528,국가기술자격,기사,광학기기산업기사,,,
529,국가기술자격,기술사,금속제련기술사,,,
530,국가전문자격,산업안전지도사,산업안전지도사,건설안전,,
531,국가전문자격,산업안전지도사,산업안전지도사,화공안전,,
532,국가기술자격,기사,신재생에너지발전설비기사,태양광,,
533,국가기술자격,기능사,신재생에너지발전설비기능사,태양광,,
534,국가기술자격,기사,그린전동자동차기사,,,
535,국가전문자격,국가유산수리기능자(24종목),국가유산수리기능자,온돌공,,
536,국가전문자격,국가유산수리기능자(24종목),국가유산수리기능자,모사공,,
537,국가전문자격,수산물품질관리사,수산물품질관리사,,,
538,국가전문자격,산업보건지도사,산업보건지도사,직업환경의학,,
539,국가전문자격,산업보건지도사,산업보건지도사,산업위생공학,,
540,국가기술자격,기사,임베디드기사,,,
541,국가기술자격,기사,국제의료관광코디네이터,,,
542,국가기술자격,기능사,반도체설비보전기능사,,,
543,국가기술자격,기능사,미용사,네일,,
544,국가기술자격,기능사,미용사,메이크업,,
545,국가전문자격,산업안전지도사,산업안전지도사,기계안전,,
546,국가전문자격,행정사,외국어번역행정사,,,
547,국가전문자격,손해평가사,손해평가사,,,
548,국가기술자격,기사,신재생에너지발전설비산업기사,태양광,,
549,국가기술자격,기사,화재감식평가산업기사,,,
550,국가전문자격,행정사,해사행정사,,,
551,국가기술자격,기능사,천공기운전기능사,,,
552,국가기술자격,기사,온실가스관리기사,,,
553,국가전문자격,산업안전지도사,산업안전지도사,전기안전,,
554,국가기술자격,기사,화재감식평가기사,,,
555,국가기술자격,기사,방수산업기사,,,
556,국가전문자격,행정사,일반행정사,,,
557,일학습병행자격,L3,무선통신시공,,,
558,일학습병행자격,L4,구내방송통신설계,,,
559,일학습병행자격,L2,통신기기운용,,,
560,일학습병행자격,L3,유선통신운용,,,
561,일학습병행자격,L3,무선통신운용,,,
562,일학습병행자격,L4,방송제작운용,,,
563,과정평가형자격,기능사,자동차정비기능사,,,
564,과정평가형자격,기능사,항공기체정비기능사,,,
565,과정평가형자격,기능사,공조냉동기계기능사,,,
566,과정평가형자격,기능사,자동화설비기능사,,,
567,과정평가형자격,기능사,열처리기능사,,,
568,과정평가형자격,기능사,화학분석기능사,,,
569,과정평가형자격,기능사,전자캐드기능사,,,
570,과정평가형자격,기능사,전자기능사,,,
571,과정평가형자격,기능사,전자계산기기능사,,,
572,과정평가형자격,기능사,자동차보수도장기능사,,,
573,과정평가형자격,기능사,측량기능사,,,
574,과정평가형자격,기능사,콘크리트기능사,,,
575,과정평가형자격,기능사,전산응용건축제도기능사,,,
576,과정평가형자격,기능사,전산응용토목제도기능사,,,
577,일학습병행자격,L2,주조,,,
578,일학습병행자격,L6,화학공정설계,,,
579,일학습병행자격,L5,바이오의약품제조,,,
580,일학습병행자격,L5,석유화학제품제조,고분자복합재료,,
581,일학습병행자격,L5,석유화학제품제조,비료,,
582,일학습병행자격,L5,석유화학제품제조,석유화학,,
583,일학습병행자격,L5,석유화학제품제조,합성고무,,
584,일학습병행자격,L2,창호시공,,,
585,일학습병행자격,L5,측량·지리정보개발,,,
586,일학습병행자격,L3,건축설계,,,
587,일학습병행자격,L5,건축설계,,,
588,일학습병행자격,L5,건축구조설계,,,
589,일학습병행자격,L2,목공·수장시공,,,
590,일학습병행자격,L2,미장·방수·타일시공,,,
591,일학습병행자격,L2,건축도장시공,,,
592,일학습병행자격,L2,철근콘크리트·가설시공,,,
593,일학습병행자격,L2,창호시공,,,
594,일학습병행자격,L2,단열시공,,,
595,일학습병행자격,L2,구조물해체,,,
596,일학습병행자격,L2,강구조시공,,,
597,일학습병행자격,L2,건축설비시공,,,
598,일학습병행자격,L3,건축설비,,,
599,일학습병행자격,L5,건축설비,,,
600,일학습병행자격,L3,산업환경기계설비,,,
601,일학습병행자격,L5,산업환경기계설비,,,
602,일학습병행자격,L3,산업환경전기·계측제어설비,,,
603,일학습병행자격,L5,산업환경전기·계측제어설비,,,
604,일학습병행자격,L2,조경,,,
605,일학습병행자격,L5,조경,,,
606,일학습병행자격,L5,도시계획,,,
607,일학습병행자격,L2,건설기계정비,,,
608,일학습병행자격,L2,지게차조종,,,
609,일학습병행자격,L3,지게차정비,,,
610,일학습병행자격,L2,건설용크레인조종,,,
611,일학습병행자격,L2,산업용크레인조종,,,
612,일학습병행자격,L3,굴삭기정비,,,
613,일학습병행자격,L3,해양플랜트설치·운용관리,,,
614,일학습병행자격,L5,해양플랜트설치·운용관리,,,
615,일학습병행자격,L5,해양자원탐사개발관리,,,
616,일학습병행자격,L2,전산응용기계설계,,,
617,일학습병행자격,L3,기계요소설계,,,
618,일학습병행자격,L4,구조해석설계,,,
619,일학습병행자격,L5,기계제어설계,,,
620,일학습병행자격,L2,선반가공,,,
621,국가기술자격,기능사,이산화탄소가스아크용접기능사,,,
622,일학습병행자격,L5,유선통신설계,,,
623,일학습병행자격,L4,IT시스템운영,,,
624,일학습병행자격,L2,유선통신운용,,,
625,일학습병행자격,L3,건강기능식품가공,원료액상제조가공,,
626,일학습병행자격,L3,수산식품가공,냉동냉장,,
627,일학습병행자격,L3,수산식품가공,살균제품,,
628,일학습병행자격,L3,유제품가공,발효가공,,
629,일학습병행자격,L3,축산식품가공,기타가공,,
630,일학습병행자격,L2,떡제조,,,
631,일학습병행자격,L5,주얼리디자이너·머천다이저,보석디자인,,
632,일학습병행자격,L3,도자공예,,,
633,일학습병행자격,L3,주얼리디자이너·머천다이저,주얼리마케팅,,
634,일학습병행자격,L5,건설안전관리,,,
635,일학습병행자격,L5,바이오에너지생산기술,,,
636,일학습병행자격,L5,자원순환관리,,,
637,일학습병행자격,L3,광산보안·화약류관리,,,
638,일학습병행자격,L3,생태복원관리,,,
639,일학습병행자격,L3,풍력에너지생산기술,,,
640,일학습병행자격,L5,수산자원관리,,,
641,일학습병행자격,L4,어촌체험관리,,,
642,일학습병행자격,L3,돼지사육,,,
643,일학습병행자격,L3,씨앗생산,,,
644,일학습병행자격,L5,정밀화학제품제조,의약품,,
645,일학습병행자격,L3,정밀화학제품제조,도료,,
646,일학습병행자격,L5,광산·조사탐사,,,
647,일학습병행자격,L5,광산보안·화약류관리,,,
648,일학습병행자격,L5,광산환경관리,,,
649,일학습병행자격,L5,비파괴검사관리,,,
650,일학습병행자격,L5,산업보건관리,,,
651,일학습병행자격,L5,생태복원관리,,,
652,일학습병행자격,L5,수질관리,,,
653,일학습병행자격,L5,연료전지에너지생산기술,,,
654,일학습병행자격,L5,태양광에너지생산기술,,,
655,일학습병행자격,L5,태양열에너지생산기술,,,
656,일학습병행자격,L3,이용,,,
657,일학습병행자격,L5,이용,,,
658,일학습병행자격,L2,메이크업디자인,,,
659,일학습병행자격,L3,메이크업디자인,,,
660,일학습병행자격,L3,웨딩이벤트매니저,,,
661,일학습병행자격,L3,웨딩플래너,,,
662,일학습병행자격,L3,장례지도,,,
663,일학습병행자격,L3,장례시설관리,,,
664,일학습병행자격,L4,카지노기획개발,,,
665,일학습병행자격,L4,크루즈운영관리,,,
666,일학습병행자격,L3,컨벤션기획,,,
667,일학습병행자격,L5,컨벤션기획,,,
668,일학습병행자격,L3,여행안내,,,
669,일학습병행자격,L5,여행상품기획,,,
670,일학습병행자격,L3,항공객실서비스,,,
671,일학습병행자격,L3,호텔객실서비스,,,
672,일학습병행자격,L3,호텔식음료서비스,,,
673,일학습병행자격,L5,호텔관리,,,
674,일학습병행자격,L3,퍼스널트레이닝,,,
675,일학습병행자격,L4,피트니스건강관리,,,
676,일학습병행자격,L3,건강운동체형관리,,,
677,일학습병행자격,L4,스포츠클럽관리,,,
678,일학습병행자격,L3,여가레크리에이션지도,,,
679,일학습병행자격,L3,스포츠관광플래닝,,,
680,일학습병행자격,L2,한식조리,,,
681,일학습병행자격,L4,한식조리,,,
682,일학습병행자격,L2,양식조리,,,
683,일학습병행자격,L4,양식조리,,,
684,일학습병행자격,L2,중식조리,,,
685,일학습병행자격,L4,중식조리,,,
686,일학습병행자격,L2,일식조리,,,
687,일학습병행자격,L4,일식조리,,,
688,일학습병행자격,L2,복어조리,,,
689,일학습병행자격,L4,복어조리,,,
690,일학습병행자격,L3,식음료서비스,,,
691,과정평가형자격,기능사,귀금속가공기능사,,,
692,일학습병행자격,L3,CNC밀링가공,,,
693,일학습병행자격,L2,밀링가공,,,
694,일학습병행자격,L3,연삭가공,,,
695,일학습병행자격,L3,CNC선반가공,,,
696,일학습병행자격,L3,CNC밀링가공,,,
697,일학습병행자격,L3,와이어방전가공,,,
698,일학습병행자격,L4,형조방전가공,,,
699,일학습병행자격,L3,레이저가공,,,
700,일학습병행자격,L3,항공기기체정비,,,
701,일학습병행자격,L5,항공기정비,,,
702,일학습병행자격,L3,사출금형설계,,,
703,일학습병행자격,L5,사출금형설계,,,
704,일학습병행자격,L3,사출금형제작,,,
705,일학습병행자격,L3,프레스금형설계,,,
706,일학습병행자격,L5,프레스금형설계,,,
707,일학습병행자격,L3,프레스금형제작,,,
708,일학습병행자격,L3,금속재료평가,,,
709,일학습병행자격,L4,금속재료평가,,,
710,일학습병행자격,L5,금속재료설계,,,
711,일학습병행자격,L2,제선,,,
712,일학습병행자격,L4,제선,,,
713,일학습병행자격,L2,제강,,,
714,일학습병행자격,L4,제강,,,
715,일학습병행자격,L2,열간압연,,,
716,일학습병행자격,L2,냉간압연,,,
717,일학습병행자격,L4,냉간압연,,,
718,일학습병행자격,L2,비철금속건식제련,,,
719,일학습병행자격,L4,비철금속건식제련,,,
720,일학습병행자격,L2,비철금속습식제련,,,
721,일학습병행자격,L4,비철금속습식제련,,,
722,일학습병행자격,L2,주조,,,
723,일학습병행자격,L4,주조,,,
724,일학습병행자격,L3,단조압출인발,단조,,
725,일학습병행자격,L3,단조압출인발,압출인발,,
726,일학습병행자격,L2,열처리,,,
727,일학습병행자격,L4,열처리,,,
728,일학습병행자격,L2,선재가공,,,
729,일학습병행자격,L4,선재가공,,,
730,일학습병행자격,L3,판금제관,,,
731,일학습병행자격,L4,판금제관,,,
732,일학습병행자격,L5,직업상담,,,
733,일학습병행자격,L5,청소년상담복지,,,
734,일학습병행자격,L4,취업컨설턴트,,,
735,일학습병행자격,L3,사회복지서비스,,,
736,일학습병행자격,L5,게임그래픽,,,
737,일학습병행자격,L5,게임프로그래밍,,,
738,일학습병행자격,L5,공연기계장치,,,
739,일학습병행자격,L5,공연무대감독,,,
740,일학습병행자격,L5,공연무대제작,,,
741,일학습병행자격,L5,공연연출,,,
742,일학습병행자격,L5,공연조명,,,
743,일학습병행자격,L5,공연하우스매니저,,,
744,일학습병행자격,L5,문헌정보,,,
745,일학습병행자격,L5,방송제작,,,
746,일학습병행자격,L5,보존연구,,,
747,일학습병행자격,L5,보존처리,,,
748,일학습병행자격,L5,사진-리터칭,,,
749,일학습병행자격,L5,사진촬영,,,
750,일학습병행자격,L5,시각디자인,,,
751,일학습병행자격,L5,실내디자인,,,
752,일학습병행자격,L5,실용음악예술,비즈니스,,
753,일학습병행자격,L5,실용음악예술,크리에이티브,,
754,일학습병행자격,L5,영화제작,,,
755,일학습병행자격,L5,제품디자인,,,
756,일학습병행자격,L5,환경디자인,,,
757,일학습병행자격,L4,문화재보수기능기술,기와,,
758,일학습병행자격,L4,문화재보수기능기술,목조,,
759,일학습병행자격,L4,문화재보수기능기술,미장,,
760,일학습병행자격,L4,문화재보수기능기술,석조,,
761,일학습병행자격,L4,문화재보수기능기술,온돌,,
762,일학습병행자격,L3,소방공사관리,,,
763,일학습병행자격,L5,사회복지서비스,,,
764,일학습병행자격,L4,청소년활동,,,
765,일학습병행자격,L5,공연기술감독,,,
766,일학습병행자격,L5,공연영상,,,
767,일학습병행자격,L5,해상교통관제,,,
768,일학습병행자격,L5,자산운용,,,
769,일학습병행자격,L3,공연조명,,,
770,일학습병행자격,L5,공연무대의상,,,
771,일학습병행자격,L5,학예,,,
772,일학습병행자격,L3,호텔객실,서비스사,,
773,일학습병행자격,L3,토목설계,,,
774,일학습병행자격,L5,해양측량관측,,,
775,일학습병행자격,L5,항공기정비,,,
776,일학습병행자격,L2,탄소제품제조,,,
777,일학습병행자격,L3,석유화학제품제조,산알칼리,,
778,일학습병행자격,L4,신발제조,,,
779,일학습병행자격,L2,전기시공,,,
780,일학습병행자격,L5,철도신호시공,,,
781,일학습병행자격,L3,유제품가공,농축건조,,
782,일학습병행자격,L3,어로관리,,,
783,일학습병행자격,L3,마케팅·커뮤니케이션,,,
784,일학습병행자격,L5,광고·홍보,,,
785,일학습병행자격,L5,마케팅전략기획,,,
786,일학습병행자격,L5,마케팅통계분석,,,
787,일학습병행자격,L3,총무·인사,,,
788,일학습병행자격,L5,총무·인사,,,
789,일학습병행자격,L2,세무·회계정보관리,,,
790,일학습병행자격,L3,세무·회계정보관리,,,
791,일학습병행자격,L4,산업물류,,,
792,일학습병행자격,L3,생산관리,,,
793,일학습병행자격,L5,생산관리,,,
794,일학습병행자격,L3,품질경영,,,
795,일학습병행자격,L5,품질경영,,,
796,일학습병행자격,L5,은행금융자산관리,,,
797,일학습병행자격,L5,증권금융자산관리,,,
798,일학습병행자격,L5,신용분석,,,
799,일학습병행자격,L5,채권관리,,,
800,일학습병행자격,L3,신용카드운영,,,
801,일학습병행자격,L5,투자금융,IB,,
802,일학습병행자격,L3,보험영업·계약관리,,,
803,일학습병행자격,L5,보험영업·계약관리,,,
804,일학습병행자격,L5,출판에디터,,,
805,일학습병행자격,L2,평판인쇄,,,
806,일학습병행자격,L4,프리프레스,,,
807,일학습병행자격,L3,특수인쇄,,,
808,일학습병행자격,L3,소믈리에,,,
809,일학습병행자격,L3,바리스타,,,
810,일학습병행자격,L3,바텐더,,,
811,일학습병행자격,L3,토목·건축관리,,,
812,일학습병행자격,L2,토공·포장,,,
813,일학습병행자격,L3,토목설계,,,
814,일학습병행자격,L5,토목설계,,,
815,일학습병행자격,L3,상하수도시공,,,
816,일학습병행자격,L2,궤도시공,,,
817,일학습병행자격,L2,수중구조물시공및준설,,,
818,일학습병행자격,L5,토목시공관리,,,
819,일학습병행자격,L2,측량·지리정보개발,,,
820,일학습병행자격,L5,측량·지리정보개발,,,
821,일학습병행자격,L3,건축설계,,,
822,일학습병행자격,L5,건축구조설계,,,
823,일학습병행자격,L2,목공·수장시공,,,
824,일학습병행자격,L2,미장·방수·타일시공,,,
825,일학습병행자격,L2,건축도장시공,,,
826,일학습병행자격,L2,철근콘크리트·가설시공,,,
827,일학습병행자격,L5,석유화학제품제조,합성원료,,
828,일학습병행자격,L5,정밀화학제품제조,계면활성제,,
829,일학습병행자격,L5,정밀화학제품제조,농약,,
830,일학습병행자격,L5,정밀화학제품제조,색소,,
831,일학습병행자격,L5,정밀화학제품제조,접착제,,
832,일학습병행자격,L5,정밀화학제품제조,첨가제,,
833,일학습병행자격,L5,플라스틱제품제조,사출,,
834,일학습병행자격,L5,플라스틱제품제조,중공진공,,
835,일학습병행자격,L5,플라스틱제품제조,코팅,,
836,일학습병행자격,L5,화학공정유지운영,,,
837,일학습병행자격,L5,화학물질분석,,,
838,일학습병행자격,L5,화학물질취급관리,,,
839,일학습병행자격,L4,선박의장,,,
840,일학습병행자격,L3,항공기기체정비,,,
841,일학습병행자격,L2,강관제조,,,
842,일학습병행자격,L4,강관제조,,,
843,일학습병행자격,L2,도금,,,
844,일학습병행자격,L4,도금,,,
845,일학습병행자격,L2,금속도장,,,
846,일학습병행자격,L4,금속도장,,,
847,일학습병행자격,L2,수동용접,CO2용접,,
848,일학습병행자격,L2,수동용접,가스텅스텐아크용접,,
849,일학습병행자격,L2,수동용접,가스메탈아크용접,,
850,일학습병행자격,L4,수동용접,CO2용접,,
851,일학습병행자격,L4,수동용접,가스텅스텐아크용접,,
852,일학습병행자격,L4,수동용접,가스메탈아크용접,,
853,일학습병행자격,L2,자동용접,로봇용접,,
854,일학습병행자격,L4,자동용접,로봇용접,,
855,일학습병행자격,L4,세라믹제조,,,
856,일학습병행자격,L2,세라믹제조,,,
857,일학습병행자격,L2,유리재료제조,,,
858,일학습병행자격,L4,유리재료제조,,,
859,일학습병행자격,L2,탄소제품제조,,,
860,일학습병행자격,L4,탄소제품제조,,,
861,일학습병행자격,L5,화학물질분석,,,
862,일학습병행자격,L3,화학물질분석,,,
863,일학습병행자격,L5,화학물질취급관리,,,
864,일학습병행자격,L3,화학물질취급관리,,,
865,일학습병행자격,L3,기초석유화학제품제조,,,
866,일학습병행자격,L5,기초석유화학제품제조,,,
867,일학습병행자격,L3,고분자복합재료제조,,,
868,일학습병행자격,L5,고분자복합재료제조,,,
869,일학습병행자격,L3,고분자제품제조,,,
870,일학습병행자격,L3,의약품제조,,,
871,일학습병행자격,L5,의약품제조,,,
872,일학습병행자격,L3,화장품제조,,,
873,일학습병행자격,L5,화장품제조,,,
874,일학습병행자격,L3,검수,,,
875,일학습병행자격,L3,해상교통관제,,,
876,일학습병행자격,L4,부동산경·공매,,,
877,일학습병행자격,L5,건설사업관리,,,
878,일학습병행자격,L5,산업환경기계설비,,,
879,일학습병행자격,L5,해양자원탐사·개발관리,,,
880,일학습병행자격,L3,건축사업관리,,,
881,일학습병행자격,L5,재무기획관리,,,
882,일학습병행자격,L4,산업물류,,,
883,일학습병행자격,L3,품질보증,,,
884,일학습병행자격,L3,손해사정,,,
885,일학습병행자격,L5,평생교육프로그램개발운영,,,
886,일학습병행자격,L5,소방공사관리,,,
887,일학습병행자격,L5,의료기관의료기기안전,,,
888,일학습병행자격,L4,보육현장,,,
889,일학습병행자격,L5,구매조달관리,,,
890,일학습병행자격,L5,자재관리,,,
891,일학습병행자격,L5,품질기획,,,
892,일학습병행자격,L5,품질보증,,,
893,일학습병행자격,L5,SCM관리,,,
894,일학습병행자격,L4,경영통계분석,,,
895,일학습병행자격,L4,광고홍보,,,
896,일학습병행자격,L4,마케팅전략기획,,,
897,일학습병행자격,L4,품질운영,,,
898,일학습병행자격,L3,공정관리,,,
899,일학습병행자격,L3,구매조달관리,,,
900,일학습병행자격,L3,구매조달관리,,,
901,일학습병행자격,L3,세무·회계정보관리,,,
902,일학습병행자격,L3,수출입관리,,,
903,일학습병행자격,L3,총무·인사,,,
904,일학습병행자격,L3,품질운영,,,
905,일학습병행자격,L3,SCM관리,,,
906,일학습병행자격,L2,세무·회계정보관리,,,
907,일학습병행자격,L5,계약심사,언더라이팅,,
908,일학습병행자격,L3,금융업무관리,,,
909,일학습병행자격,L5,손해사정,,,
910,일학습병행자격,L5,신용분석,,,
911,일학습병행자격,L5,인보험계약심사,언더라이팅,,
912,일학습병행자격,L5,재물보험계약심사,언더라이팅,,
913,일학습병행자격,L3,사출금형제작,,,
914,일학습병행자격,L3,프레스금형설계,,,
915,일학습병행자격,L5,프레스금형설계,,,
916,일학습병행자격,L3,프레스금형제작,,,
917,일학습병행자격,L3,금속재료평가,,,
918,일학습병행자격,L4,금속재료평가,,,
919,일학습병행자격,L5,금속재료설계,,,
920,일학습병행자격,L2,제선,,,
921,일학습병행자격,L4,제선,,,
922,일학습병행자격,L4,제강,,,
923,일학습병행자격,L4,열간압연,,,
924,일학습병행자격,L2,냉간압연,,,
925,일학습병행자격,L2,비철금속건식제련,,,
926,일학습병행자격,L4,비철금속건식제련,,,
927,일학습병행자격,L4,비철금속습식제련,,,
928,일학습병행자격,L2,주조,,,
929,일학습병행자격,L4,주조,,,
930,일학습병행자격,L3,단조압출인발,단조,,
931,일학습병행자격,L3,단조압출인발,압출인발,,
932,일학습병행자격,L4,열처리,,,
933,일학습병행자격,L2,선재가공,,,
934,일학습병행자격,L4,선재가공,,,
935,일학습병행자격,L3,판금제관,,,
936,일학습병행자격,L2,강관제조,,,
937,일학습병행자격,L4,강관제조,,,
938,일학습병행자격,L2,도금,,,
939,일학습병행자격,L4,도금,,,
940,일학습병행자격,L2,금속도장,,,
941,일학습병행자격,L3,광산환경관리,,,
942,일학습병행자격,L3,바이오에너지생산기술,,,
943,일학습병행자격,L3,비파괴검사관리,,,
944,일학습병행자격,L3,산업안전관리,,,
945,일학습병행자격,L3,산업환경보건관리,,,
946,일학습병행자격,L3,실내공기질관리,,,
947,일학습병행자격,L3,바이오제품제조,,,
948,일학습병행자격,L3,석유화학제품제조,비료,,
949,일학습병행자격,L3,석유화학제품제조,석유,,
950,일학습병행자격,L3,석유화학제품제조,석유화학,,
951,일학습병행자격,L3,석유화학제품제조,합성수지,,
952,일학습병행자격,L3,석유화학제품제조,합성원료,,
953,일학습병행자격,L3,정밀화학제품제조,계면활성제,,
954,일학습병행자격,L3,나전칠기,,,
955,일학습병행자격,L3,칠공예,,,
956,일학습병행자격,L3,목공예,,,
957,일학습병행자격,L2,석공예,,,
958,일학습병행자격,L3,금속공예,,,
959,일학습병행자격,L3,도자공예,,,
960,일학습병행자격,L3,섬유공예,,,
961,일학습병행자격,L2,단위화훼장식,,,
962,일학습병행자격,L4,단위화훼장식,,,
963,일학습병행자격,L3,가구제작,,,
964,일학습병행자격,L2,주얼리머천다이징,,,
965,일학습병행자격,L4,주얼리머천다이징,,,
966,일학습병행자격,L3,보석감정,,,
967,일학습병행자격,L3,보석디자인,,,
968,일학습병행자격,L2,귀금속가공,,,
969,일학습병행자격,L5,기후대기관리,,,
970,일학습병행자격,L5,자원순환관리,,,
971,일학습병행자격,L5,토양지하수관리,,,
972,일학습병행자격,L5,수질관리,,,
973,일학습병행자격,L4,정수장운영관리,,,
974,일학습병행자격,L3,실내공기질관리,,,
975,일학습병행자격,L5,위해성관리,,,
976,일학습병행자격,L3,생태복원관리,,,
977,일학습병행자격,L5,생태복원관리,,,
978,일학습병행자격,L4,환경시설관리,,,
979,일학습병행자격,L5,환경영향평가,,,
980,일학습병행자격,L3,광산조사·탐사,,,
981,일학습병행자격,L5,광산조사·탐사,,,
982,일학습병행자격,L3,광물·석유자원개발,,,
983,일학습병행자격,L3,기능성정밀화학제품제조,,,
984,일학습병행자격,L5,기능성정밀화학제품제조,,,
985,일학습병행자격,L3,도료제조,,,
986,일학습병행자격,L3,바이오의약품제조,,,
987,일학습병행자격,L5,바이오의약품제조,,,
988,일학습병행자격,L3,바이오화학제품제조,,,
989,일학습병행자격,L5,바이오화학제품제조,,,
990,일학습병행자격,L3,플라스틱사출성형품제조,,,
991,일학습병행자격,L3,플라스틱압출제품제조,,,
992,일학습병행자격,L5,플라스틱압출제품제조,,,
993,일학습병행자격,L3,합섬원사생산,,,
994,일학습병행자격,L3,방적원사생산,,,
995,일학습병행자격,L3,제직생산,,,
996,일학습병행자격,L3,편직생산,,,
997,일학습병행자격,L3,섬유염색가공,,,
998,일학습병행자격,L5,섬유염색가공,,,
999,일학습병행자격,L5,섬유품질경영관리,,,
1000,일학습병행자격,L4,패션머천다이징,,,
1001,일학습병행자격,L4,패션디자인,,,
1002,일학습병행자격,L3,패턴메이킹,,,
1003,일학습병행자격,L3,제직의류생산,,,
1004,일학습병행자격,L3,가죽·모피생산,,,
1005,일학습병행자격,L3,패션소품생산,,,
1006,일학습병행자격,L2,패션제품유통,,,
1007,일학습병행자격,L4,패션제품유통,,,
1008,일학습병행자격,L5,전력계통설계,,,
1009,일학습병행자격,L5,전기기기설계,,,
1010,일학습병행자격,L3,전기기기제작,,,
1011,일학습병행자격,L2,전기기기제작,,,
1012,일학습병행자격,L3,전기설계,,,
1013,일학습병행자격,L5,전기설계,,,
1014,일학습병행자격,L3,전기시공,,,
1015,일학습병행자격,L2,전기시공,,,
1016,일학습병행자격,L5,전기설비시공,,,
1017,일학습병행자격,L2,자동제어기기제작,,,
1018,일학습병행자격,L3,자동제어기기제작,,,
1019,일학습병행자격,L5,채권관리,,,
1020,일학습병행자격,L5,투자금융,IB,,
1021,일학습병행자격,L5,금융자산관리,은행,,
1022,일학습병행자격,L3,보험영업·계약관리,,,
1023,일학습병행자격,L5,경력개발지도,,,
1024,일학습병행자격,L5,기업교육,,,
1025,일학습병행자격,L5,이러닝시스템개발,,,
1026,일학습병행자격,L5,이러닝콘텐츠개발,,,
1027,일학습병행자격,L4,이러닝과정운영,,,
1028,일학습병행자격,L3,이러닝관리,,,
1029,일학습병행자격,L3,직업교육,,,
1030,일학습병행자격,L5,기업재난관리,,,
1031,일학습병행자격,L5,방재,,,
1032,일학습병행자격,L5,지식재산사무,,,
1033,일학습병행자격,L4,소방설계·감리,,,
1034,일학습병행자격,L4,지식재산사무,,,
1035,일학습병행자격,L3,위험물안전관리,,,
1036,일학습병행자격,L3,요양보호,,,
1037,일학습병행자격,L3,의료코디네이터,,,
1038,일학습병행자격,L5,사회복지정책,,,
1039,일학습병행자격,L5,전직지원,,,
1040,일학습병행자격,L2,어촌체험관리,,,
1041,일학습병행자격,L4,어촌체험관리,,,
1042,일학습병행자격,L3,어장환경정화관리,,,
1043,일학습병행자격,L3,특수인쇄,스크린,,
1044,일학습병행자격,L5,공정관리,,,
1045,과정평가형자격,기사,용접산업기사,,,
1046,일학습병행자격,L4,냉동공조시공관리,,,
1047,일학습병행자격,L4,와이어방전가공,방전,,
1048,일학습병행자격,L4,특수가공,워터젯,,
1049,일학습병행자격,L3,동력기계설치·정비,,,
1050,일학습병행자격,L2,비철금속제련,,,
1051,일학습병행자격,L2,일반세라믹제조,,,
1052,일학습병행자격,L6,반응공정개발운전,,,
1053,일학습병행자격,L5,석유화학제품제조,산알칼리,,
1054,일학습병행자격,L3,연료전지에너지생산기술,,,
1055,일학습병행자격,L5,위해성관리,,,
1056,일학습병행자격,L3,태양광에너지생산기술,,,
1057,일학습병행자격,L3,폐자원에너지생산,,,
1058,일학습병행자격,L5,농업환경개선,,,
1059,일학습병행자격,L5,농촌체험,,,
1060,일학습병행자격,L5,사료생산,,,
1061,일학습병행자격,L5,산림보호,,,
1062,일학습병행자격,L5,산림조성,,,
1063,일학습병행자격,L5,신체손해사정,,,
1064,일학습병행자격,L5,차량손해사정,,,
1065,일학습병행자격,L5,재물손해사정,,,
1066,일학습병행자격,L3,화훼재배,,,
1067,일학습병행자격,L5,평생교육프로그램개발운영,,,
1068,일학습병행자격,L5,기업교육,,,
1069,일학습병행자격,L5,경력지도,,,
1070,일학습병행자격,L3,이러닝관리,,,
1071,일학습병행자격,L4,이러닝과정운영,,,
1072,일학습병행자격,L4,이러닝콘텐츠개발,,,
1073,일학습병행자격,L5,학습시스템개발전문가,,,
1074,일학습병행자격,L2,지식재산사무,,,
1075,일학습병행자격,L5,지식재산사무,,,
1076,일학습병행자격,L4,소방설계·감리,,,
1077,일학습병행자격,L3,소방공사관리,,,
1078,일학습병행자격,L3,위험물안전관리,,,
1079,일학습병행자격,L5,방재,,,
1080,일학습병행자격,L5,기업재난관리,,,
1081,일학습병행자격,L2,요양보호,,,
1082,일학습병행자격,L4,의료기관행정관리,,,
1083,일학습병행자격,L3,의료코디네이터,,,
1084,일학습병행자격,L5,사회복지정책,,,
1085,일학습병행자격,L3,사회복지서비스,,,
1086,일학습병행자격,L5,사회복지서비스,,,
1087,일학습병행자격,L5,직업상담,,,
1088,일학습병행자격,L4,취업알선,,,
1089,일학습병행자격,L5,전직지원,,,
1090,일학습병행자격,L5,광물·석유자원개발,,,
1091,일학습병행자격,L5,광산환경관리,,,
1092,일학습병행자격,L3,광산보안·화약류관리,,,
1093,과정평가형자격,기능사,조주기능사,,,
1094,과정평가형자격,기능사,미용사,일반,,
1095,과정평가형자격,기사,컨벤션기획사,,,2급
1096,과정평가형자격,기사,텔레마케팅관리사,,,
1097,일학습병행자격,L5,광산보안·화약류관리,,,
1098,일학습병행자격,L3,태양광에너지생산기술,,,
1099,일학습병행자격,L5,태양광에너지생산기술,,,
1100,일학습병행자격,L5,태양열에너지생산기술,,,
1101,일학습병행자격,L5,연료전지에너지생산기술,,,
1102,일학습병행자격,L5,바이오에너지생산기술,,,
1103,일학습병행자격,L3,정밀화학제품제조,색소,,
1104,일학습병행자격,L3,정밀화학제품제조,의약품,,
1105,일학습병행자격,L3,정밀화학제품제조,접착제,,
1106,일학습병행자격,L3,플라스틱제품제조,압출,,
1107,일학습병행자격,L3,플라스틱제품제조,중공진공,,
1108,일학습병행자격,L3,플라스틱제품제조,코팅,,
1109,일학습병행자격,L3,화학물질분석,,,
1110,일학습병행자격,L3,화학물질취급관리,,,
1111,일학습병행자격,L5,섬유생산공정관리,,,
1112,일학습병행자격,L5,섬유염색가공관리,,,
1113,일학습병행자격,L5,원사생산관리,방적,,
1114,일학습병행자격,L5,패션제품유통,,,
1115,일학습병행자격,L5,패턴메이킹,,,
1116,일학습병행자격,L4,원단생산관리,제직,,
1117,일학습병행자격,L4,패션제품유통,,,
1118,일학습병행자격,L4,편직의류생산,,,
1119,일학습병행자격,L3,가죽·모피생산,,,
1120,일학습병행자격,L3,비주얼머천다이징,,,
1121,일학습병행자격,L3,섬유생산공정관리,,,
1122,일학습병행자격,L3,원단생산관리,편직,,
1123,과정평가형자격,기사,소방설비산업기사,전기분야,,
1124,과정평가형자격,기사,실내건축기사,,,
1125,일학습병행자격,L2,건축도장시공,,,
1126,일학습병행자격,L2,궤도시공,,,
1127,일학습병행자격,L5,자동제어기기설계,,,
1128,일학습병행자격,L5,전기철도시공,,,
1129,일학습병행자격,L3,전기철도신호시공,,,
1130,일학습병행자격,L2,전기철도신호시공,,,
1131,일학습병행자격,L5,철도신호시공,,,
1132,일학습병행자격,L4,전자기기기획,,,
1133,일학습병행자격,L2,전자기기생산,,,
1134,일학습병행자격,L4,전자기기생산,,,
1135,일학습병행자격,L2,전자기기서비스,,,
1136,일학습병행자격,L4,전자기기서비스,,,
1137,일학습병행자격,L3,전자기기하드웨어개발,,,
1138,일학습병행자격,L5,전자기기하드웨어개발,,,
1139,일학습병행자격,L2,전자기기소프트웨어개발,,,
1140,일학습병행자격,L4,전자기기소프트웨어개발,,,
1141,일학습병행자격,L5,전자기기소프트웨어개발,,,
1142,일학습병행자격,L2,전자기기기구개발,,,
1143,일학습병행자격,L5,전자기기기구개발,,,
1144,일학습병행자격,L5,반도체장비개발,,,
1145,일학습병행자격,L3,반도체장비조립,,,
1146,일학습병행자격,L3,반도체제조운영,,,
1147,일학습병행자격,L3,반도체설계,,,
1148,일학습병행자격,L4,반도체설계,,,
1149,일학습병행자격,L4,디스플레이개발,,,
1150,일학습병행자격,L3,디스플레이생산,,,
1151,일학습병행자격,L4,디스플레이생산,,,
1152,일학습병행자격,L5,로봇기구개발,,,
1153,일학습병행자격,L5,로봇소프트웨어개발,,,
1154,일학습병행자격,L5,로봇제어기하드웨어개발,,,
1155,일학습병행자격,L3,SW개발,,,
1156,일학습병행자격,L5,SW개발,,,
1157,일학습병행자격,L4,패션머천다이징,,,
1158,일학습병행자격,L3,섬유염색가공관리,,,
1159,일학습병행자격,L3,패션소품생산,,,
1160,일학습병행자격,L4,SW테스터,,,
1161,일학습병행자격,L3,유선통신운용,,,
1162,일학습병행자격,L4,식품품질관리,,,
1163,일학습병행자격,L3,농산식품저장·유통,,,
1164,일학습병행자격,L5,기후대기관리,,,
1165,일학습병행자격,L5,소음진동관리,,,
1166,일학습병행자격,L5,토양지하수관리,,,
1167,일학습병행자격,L3,전특작재배,,,
1168,일학습병행자격,L5,공연무대디자이너,,,
1169,일학습병행자격,L5,디지털디자인,,,
1170,일학습병행자격,L5,서비스·경험디자인,,,
1171,일학습병행자격,L5,실용음악예술,프로덕션,,
1172,일학습병행자격,L4,문화재보수기능기술,단청,,
1173,일학습병행자격,L4,스마트앱디자인설계,,,
1174,일학습병행자격,L3,공연영상,,,
1175,일학습병행자격,L3,제품디자인,,,
1176,일학습병행자격,L5,열차운용DIA관리,,,
1177,일학습병행자격,L4,정비기지시설물유지보수,,,
1178,일학습병행자격,L3,수상레저기구운항,,,
1179,일학습병행자격,L3,부동산관리,,,
1180,일학습병행자격,L3,신변보호,,,
1181,일학습병행자격,L5,호텔객실,지배인,,
1182,일학습병행자격,L2,건설기계정비,,,
1183,일학습병행자격,L2,수상작업용건설기계조종,,,
1184,일학습병행자격,L2,천공기조종,,,
1185,일학습병행자격,L2,콘크리트공기계조종,,,
1186,일학습병행자격,L2,지게차조종,,,
1187,일학습병행자격,L2,건설용크레인조종,,,
1188,일학습병행자격,L2,항만용크레인조종,,,
1189,일학습병행자격,L3,이동식크레인정비,,,
1190,일학습병행자격,L2,산업용크레인조종,,,
1191,일학습병행자격,L3,굴삭기정비,,,
1192,일학습병행자격,L4,청소년활동,,,
1193,일학습병행자격,L4,청소년상담복지,,,
1194,일학습병행자격,L5,문화예술경영,,,
1195,일학습병행자격,L5,문헌정보관리,,,
1196,일학습병행자격,L4,실용음악크리에이팅,,,
1197,일학습병행자격,L4,실용음악보컬디렉팅,,,
1198,일학습병행자격,L5,사진촬영,,,
1199,일학습병행자격,L5,공연연출,,,
1200,일학습병행자격,L5,공연조명,,,
1201,일학습병행자격,L3,공연음향,,,
1202,일학습병행자격,L5,공연무대디자인,,,
1203,일학습병행자격,L5,공연무대감독,,,
1204,일학습병행자격,L5,공연기술감독,,,
1205,일학습병행자격,L5,공연무대제작,,,
1206,일학습병행자격,L5,공연무대의상,,,
1207,일학습병행자격,L3,무대영상,,,
1208,일학습병행자격,L5,산림토목,,,
1209,일학습병행자격,L5,수산양식,,,
1210,일학습병행자격,L5,씨앗생산,,,
1211,일학습병행자격,L5,어로관리,,,
1212,일학습병행자격,L5,영양체생산,,,
1213,일학습병행자격,L5,종자유통,,,
1214,일학습병행자격,L5,종축,,,
1215,일학습병행자격,L4,동물약품제조,,,
1216,일학습병행자격,L4,목재가공,,,
1217,일학습병행자격,L4,임산물생산관리,,,
1218,일학습병행자격,L4,임업종묘,,,
1219,일학습병행자격,L4,펄프·종이제조,,,
1220,일학습병행자격,L3,가금사육,,,
1221,일학습병행자격,L3,과수재배,,,
1222,일학습병행자격,L3,농업환경개선,,,
1223,일학습병행자격,L3,버섯재배,,,
1224,일학습병행자격,L3,사료생산,,,
1225,일학습병행자격,L3,산림조성,,,
1226,일학습병행자격,L3,수도작재배,,,
1227,일학습병행자격,L3,식품육종,,,
1228,일학습병행자격,L3,어장환경정화관리,,,
1229,일학습병행자격,L3,원사생산관리,방사,,
1230,일학습병행자격,L3,원사생산관리,방적,,
1231,일학습병행자격,L3,제직의류생산,,,
1232,일학습병행자격,L3,패턴메이킹,,,
1233,일학습병행자격,L3,한복생산,,,
1234,일학습병행자격,L2,패션제품유통,,,
1235,일학습병행자격,L5,로봇기구개발,,,
1236,일학습병행자격,L5,로봇소프트웨어개발,,,
1237,일학습병행자격,L2,강구조시공,,,
1238,일학습병행자격,L2,건축설비시공,,,
1239,일학습병행자격,L3,건축설비,,,
1240,일학습병행자격,L3,산업환경기계설비,,,
1241,일학습병행자격,L5,산업환경기계설비,,,
1242,일학습병행자격,L3,산업환경전기·계측제어설비,,,
1243,일학습병행자격,L5,산업환경전기·계측제어설비,,,
1244,일학습병행자격,L5,조경,,,
1245,일학습병행자격,L5,교통계획설계,,,
1246,일학습병행자격,L5,도시계획,,,
1247,일학습병행자격,L2,도로장비조종,,,
1248,일학습병행자격,L5,해양에너지생산기술,,,
1249,일학습병행자격,L5,폐자원에너지생산기술,,,
1250,일학습병행자격,L3,산업안전관리,,,
1251,일학습병행자격,L5,산업안전관리,,,
1252,일학습병행자격,L3,건설안전관리,,,
1253,일학습병행자격,L5,건설안전관리,,,
1254,일학습병행자격,L3,산업보건관리,,,
1255,일학습병행자격,L5,산업보건관리,,,
1256,일학습병행자격,L3,비파괴검사관리,,,
1257,일학습병행자격,L5,비파괴검사관리,,,
1258,일학습병행자격,L3,수도작재배,,,
1259,일학습병행자격,L3,버섯재배,,,
1260,일학습병행자격,L5,농촌체험,,,
1261,일학습병행자격,L2,농촌체험,,,
1262,일학습병행자격,L3,전특작재배,,,
1263,일학습병행자격,L5,종자유통,,,
1264,일학습병행자격,L3,씨앗생산,,,
1265,일학습병행자격,L5,임베디드SW개발,,,
1266,일학습병행자격,L5,IT시스템운영,,,
1267,일학습병행자격,L5,SW테스트,,,
1268,일학습병행자격,L5,정보통신설계,,,
1269,일학습병행자격,L3,정보통신설비시공,,,
1270,일학습병행자격,L2,정보통신선로시공,,,
1271,일학습병행자격,L3,무선통신시공,,,
1272,일학습병행자격,L4,무선통신설계,,,
1273,일학습병행자격,L4,구내방송통신설계,,,
1274,일학습병행자격,L2,통신기기운용,,,
1275,일학습병행자격,L3,유선통신운용,,,
1276,일학습병행자격,L3,무선통신운용,,,
1277,일학습병행자격,L5,방송시스템관리,,,
1278,일학습병행자격,L2,수산식품가공,,,
1279,일학습병행자격,L3,수산식품가공,,,
1280,일학습병행자격,L2,축산식품가공,,,
1281,일학습병행자격,L3,축산식품가공,,,
1282,일학습병행자격,L3,유가공,,,
1283,일학습병행자격,L3,건강기능식품가공,,,
1284,일학습병행자격,L2,김치류제조가공,,,
1285,일학습병행자격,L2,면류제조,,,
1286,일학습병행자격,L2,음료제조가공,,,
1287,일학습병행자격,L3,주류제조가공,,,
1288,일학습병행자격,L5,식품가공연구개발,,,
1289,일학습병행자격,L4,식품품질관리,,,
1290,일학습병행자격,L3,수산식품저장·유통,,,
1291,일학습병행자격,L3,농산식품저장·유통,,,
1292,일학습병행자격,L3,축산식품저장·유통,,,
1293,일학습병행자격,L2,제과,,,
1294,일학습병행자격,L2,제빵,,,
1295,일학습병행자격,L2,떡제조,,,
1296,일학습병행자격,L5,출판콘텐츠연출가,,,
1297,일학습병행자격,L3,편집디자이너,,,
1298,일학습병행자격,L5,출판에디터,,,
1299,일학습병행자격,L2,평판인쇄,,,
1300,일학습병행자격,L4,프리프레스,,,
1301,일학습병행자격,L3,해양관측측량,,,
1302,일학습병행자격,L5,해양관측측량,,,
1303,일학습병행자격,L5,해양생태분석,,,
1304,일학습병행자격,L3,해양환경보전관리,,,
1305,일학습병행자격,L5,해양환경보전관리,,,
1306,일학습병행자격,L5,해양환경평가관리,,,
1307,일학습병행자격,L3,해양플랜트설치·운용관리,,,
1308,일학습병행자격,L5,해양플랜트설치·운용관리,,,
1309,일학습병행자격,L5,해양자원탐사개발관리,,,
1310,일학습병행자격,L2,전산응용기계설계,,,
1311,일학습병행자격,L3,기계요소설계,,,
1312,일학습병행자격,L4,구조해석설계,,,
1313,일학습병행자격,L2,선반가공,,,
1314,일학습병행자격,L2,밀링가공,,,
1315,일학습병행자격,L3,CNC선반가공,,,
1316,일학습병행자격,L3,와이어방전가공,,,
1317,일학습병행자격,L4,형조방전가공,,,
1318,일학습병행자격,L3,레이저가공,,,
1319,일학습병행자격,L3,워터젯가공,,,
1320,일학습병행자격,L4,플라즈마가공,,,
1321,일학습병행자격,L2,기계요소조립,,,
1322,일학습병행자격,L3,기계장치제어,,,
1323,일학습병행자격,L4,기계생산관리,,,
1324,일학습병행자격,L5,기계생산관리,,,
1325,일학습병행자격,L4,기계품질경영,,,
1326,일학습병행자격,L3,동력기계설치·정비,,,
1327,일학습병행자격,L4,동력기계설치·정비,,,
1328,일학습병행자격,L3,생산기계설치·정비,,,
1329,일학습병행자격,L4,생산기계설치·정비,,,
1330,일학습병행자격,L3,승강기설치,,,
1331,일학습병행자격,L2,냉동공조설치,,,
1332,일학습병행자격,L3,냉동공조설계,,,
1333,일학습병행자격,L5,반도체장비개발,,,
1334,일학습병행자격,L5,자동제어기기설계,,,
1335,일학습병행자격,L5,전기기기설계,,,
1336,일학습병행자격,L3,염생산관리,,,
1337,일학습병행자격,L3,젖소사육,,,
1338,일학습병행자격,L3,종자유통,,,
1339,일학습병행자격,L3,채소재배,,,
1340,일학습병행자격,L3,한우사육,,,
1341,일학습병행자격,L2,어촌체험관리,,,
1342,일학습병행자격,L2,임산물생산관리,,,
1343,일학습병행자격,L2,펄프·종이제조,,,
1344,과정평가형자격,기사,기계설계기사,,,
1345,과정평가형자격,기사,기계조립산업기사,,,
1346,과정평가형자격,기사,컴퓨터응용가공산업기사,,,
1347,과정평가형자격,기사,농업기계산업기사,,,
1348,일학습병행자격,L2,수동용접,가스텅스텐아크용접,,
1349,일학습병행자격,L2,수동용접,가스메탈아크용접,,
1350,일학습병행자격,L4,수동용접,CO2용접,,
1351,일학습병행자격,L4,수동용접,가스텅스텐아크용접,,
1352,일학습병행자격,L5,무대영상,,,
1353,일학습병행자격,L5,보존기술,,,
1354,일학습병행자격,L3,기와문화재보수,,,
1355,일학습병행자격,L3,온돌문화재보수,,,
1356,일학습병행자격,L3,미장문화재보수,,,
1357,일학습병행자격,L3,석조문화재보수,,,
1358,일학습병행자격,L3,단청문화재보수,,,
1359,일학습병행자격,L3,목조문화재보수,,,
1360,일학습병행자격,L5,학예,,,
1361,일학습병행자격,L3,시각디자인,,,
1362,일학습병행자격,L5,시각디자인,,,
1363,일학습병행자격,L3,제품디자인,,,
1364,일학습병행자격,L5,제품디자인,,,
1365,일학습병행자격,L3,환경디자인,,,
1366,일학습병행자격,L5,환경디자인,,,
1367,일학습병행자격,L3,디지털디자인,,,
1368,일학습병행자격,L5,디지털디자인,,,
1369,일학습병행자격,L3,산업환경전기·계측제어설비,,,
1370,일학습병행자격,L5,씨앗생산,,,
1371,일학습병행자격,L5,영양체생산,,,
1372,일학습병행자격,L3,식물육종,,,
1373,일학습병행자격,L5,식물육종,,,
1374,일학습병행자격,L3,농업환경개선,,,
1375,일학습병행자격,L5,농업환경개선,,,
1376,일학습병행자격,L3,과수재배,,,
1377,일학습병행자격,L3,화훼재배,,,
1378,일학습병행자격,L3,채소재배,,,
1379,일학습병행자격,L3,사료생산,,,
1380,일학습병행자격,L5,사료생산,,,
1381,일학습병행자격,L5,종축,,,
1382,일학습병행자격,L4,동물약품제조,,,
1383,일학습병행자격,L3,젖소사육,,,
1384,일학습병행자격,L3,돼지사육,,,
1385,일학습병행자격,L3,가금사육,,,
1386,일학습병행자격,L3,한우사육,,,
1387,일학습병행자격,L3,말사육,,,
1388,일학습병행자격,L4,임산물생산관리,,,
1389,일학습병행자격,L2,목재가공,,,
1390,일학습병행자격,L4,목재가공,,,
1391,일학습병행자격,L2,펄프·종이제조,,,
1392,일학습병행자격,L4,펄프·종이제조,,,
1393,일학습병행자격,L4,임업종묘,,,
1394,일학습병행자격,L3,산림조성,,,
1395,일학습병행자격,L5,산림조성,,,
1396,일학습병행자격,L5,산림토목,,,
1397,일학습병행자격,L5,산림보호,,,
1398,일학습병행자격,L3,어로관리,,,
1399,일학습병행자격,L5,어로관리,,,
1400,일학습병행자격,L3,수산양식,,,
1401,일학습병행자격,L5,수산양식,,,
1402,일학습병행자격,L3,반도체제조운영,,,
1403,일학습병행자격,L3,영업,,,
1404,일학습병행자격,L5,상업용건물관리,,,
1405,일학습병행자격,L3,매장판매,,,
1406,일학습병행자격,L3,보안경비,,,
1407,일학습병행자격,L3,특수인쇄,,,
1408,일학습병행자격,L3,칠공예,,,
1409,일학습병행자격,L3,도자공예,,,
1410,일학습병행자격,L3,섬유공예,,,
1411,일학습병행자격,L3,가구제작,,,
1412,일학습병행자격,L3,보석감정,,,
1413,일학습병행자격,L3,귀금속가공,,,
1414,일학습병행자격,L5,소음진동관리,,,
1415,일학습병행자격,L5,기후대기관리,,,
1416,일학습병행자격,L5,수질관리,,,
1417,일학습병행자격,L4,정수장운영관리,,,
1418,일학습병행자격,L3,산업환경보건,,,
1419,일학습병행자격,L3,생태복원관리,,,
1420,일학습병행자격,L5,생태복원관리,,,
1421,일학습병행자격,L4,환경시설관리,,,
1422,일학습병행자격,L5,환경영향평가,,,
1423,일학습병행자격,L3,광산조사·탐사,,,
1424,일학습병행자격,L5,광산조사·탐사,,,
1425,일학습병행자격,L3,광물·석유자원개발,,,
1426,일학습병행자격,L5,광물·석유자원개발,,,
1427,일학습병행자격,L3,광산환경관리,,,
1428,일학습병행자격,L5,광산환경관리,,,
1429,일학습병행자격,L3,광산보안·화약류관리,,,
1430,일학습병행자격,L5,광산보안·화약류관리,,,
1431,일학습병행자격,L3,태양광에너지생산기술,,,
1432,일학습병행자격,L5,태양광에너지생산기술,,,
1433,일학습병행자격,L5,태양열에너지생산기술,,,
1434,일학습병행자격,L5,연료전지에너지생산기술,,,
1435,일학습병행자격,L5,바이오에너지생산기술,,,
1436,일학습병행자격,L5,해양에너지생산기술,,,
1437,일학습병행자격,L5,풍력에너지생산기술,,,
1438,일학습병행자격,L5,폐자원에너지생산기술,,,
1439,일학습병행자격,L3,산업안전관리,,,
1440,일학습병행자격,L3,산업보건관리,,,
1441,일학습병행자격,L3,비파괴검사관리,,,
1442,일학습병행자격,L3,수도작재배,,,
1443,일학습병행자격,L5,전기설계,,,
1444,일학습병행자격,L5,전기설비시공,,,
1445,일학습병행자격,L5,전력계통설계,,,
1446,일학습병행자격,L5,전자기기기구개발,,,
1447,일학습병행자격,L5,전자기기기획,,,
1448,일학습병행자격,L5,전자기기소프트웨어개발,시스템,,
1449,일학습병행자격,L5,전자기기하드웨어개발,,,
1450,일학습병행자격,L4,디스플레이개발,,,
1451,일학습병행자격,L4,디스플레이생산,,,
1452,일학습병행자격,L4,반도체설계,,,
1453,일학습병행자격,L4,전자기기생산,,,
1454,일학습병행자격,L4,전자기기소프트웨어개발,시스템,,
1455,일학습병행자격,L3,디스플레이생산,,,
1456,일학습병행자격,L3,반도체설계,,,
1457,일학습병행자격,L3,반도체제조운영,,,
1458,일학습병행자격,L3,자동제어기기제작,,,
1459,일학습병행자격,L3,전기설계,,,
1460,일학습병행자격,L3,전기시공,,,
1461,일학습병행자격,L3,전기철도신호시공,,,
1462,일학습병행자격,L3,전자기기하드웨어개발,,,
1463,일학습병행자격,L2,자동제어기기제작,,,
1464,일학습병행자격,L2,전기철도신호시공,,,
1465,일학습병행자격,L2,전자기기서비스,,,
1466,일학습병행자격,L2,전자기기소프트웨어개발,,,
1467,일학습병행자격,L2,전자기기제작,,,
1468,일학습병행자격,L5,방송기술운용,,,
1469,일학습병행자격,L5,SW분석설계,,,
1470,일학습병행자격,L4,무선통신시공,,,
1471,일학습병행자격,L4,방송기술운용,,,
1472,일학습병행자격,L4,방송제작운용,,,
1473,일학습병행자격,L4,유선통신시공,,,
1474,일학습병행자격,L4,임베디드SW개발,,,
1475,일학습병행자격,L4,SW개발,,,
1476,일학습병행자격,L3,무선통신시공,,,
1477,일학습병행자격,L3,무선통신운용,,,
1478,일학습병행자격,L3,이동식크레인정비,,,
1479,일학습병행자격,L3,지게차정비,,,
1480,일학습병행자격,L3,해양측량관측,,,
1481,일학습병행자격,L3,해양환경보전관리,,,
1482,일학습병행자격,L2,강구조시공,,,
1483,일학습병행자격,L2,건축도장시공,,,
1484,일학습병행자격,L2,건축설비시공,,,
1485,일학습병행자격,L2,구조물해체,,,
1486,일학습병행자격,L2,궤도시공,,,
1487,일학습병행자격,L2,단열시공,,,
1488,일학습병행자격,L2,목공·수장시공,,,
1489,일학습병행자격,L2,미장·방수타일시공,,,
1490,일학습병행자격,L2,산업용크레인조종,,,
1491,일학습병행자격,L2,상하수도시공,,,
1492,일학습병행자격,L2,수중구조물및준설,,,
1493,일학습병행자격,L2,조경,,,
1494,일학습병행자격,L2,지게차조종,,,
1495,일학습병행자격,L2,창호시공,,,
1496,일학습병행자격,L2,천공기조종,,,
1497,일학습병행자격,L2,철강재시공,,,
1498,일학습병행자격,L2,콘크리트공기계조종,,,
1499,일학습병행자격,L2,토공·포장,,,
1500,일학습병행자격,L2,토공장비조종,,,
1501,일학습병행자격,L6,기계가공마스터,,,
1502,일학습병행자격,L5,기계생산관리,,,
1503,일학습병행자격,L4,수동용접,가스메탈아크용접,,
1504,일학습병행자격,L2,자동용접,서브머지드아크용접,,
1505,일학습병행자격,L2,자동용접,로봇용접,,
1506,일학습병행자격,L4,자동용접,서브머지드아크용접,,
1507,일학습병행자격,L4,자동용접,로봇용접,,
1508,일학습병행자격,L4,세라믹제조,,,
1509,일학습병행자격,L2,세라믹제조,,,
1510,일학습병행자격,L2,유리재료제조,,,
1511,일학습병행자격,L4,유리재료제조,,,
1512,일학습병행자격,L2,탄소제품제조,,,
1513,일학습병행자격,L4,탄소제품제조,,,
1514,일학습병행자격,L5,수산자원관리,,,
1515,일학습병행자격,L5,기계품질경영,,,
1516,일학습병행자격,L3,승강기유지관리,,,
1517,일학습병행자격,L4,승강기설치·유지관리,,,
1518,일학습병행자격,L3,공연무대의상,,,
1519,일학습병행자격,L5,건축설비,,,
1520,일학습병행자격,L2,조경,,,
1521,일학습병행자격,L2,토공장비조종,,,
1522,일학습병행자격,L3,주얼리캐드원형,,,
1523,일학습병행자격,L5,소음진동관리,,,
1524,일학습병행자격,L3,산업환경보건,,,
1525,일학습병행자격,L5,환경컨설턴트,,,
1526,일학습병행자격,L3,기업교육,,,
1527,일학습병행자격,L5,이러닝콘텐츠개발,,,
1528,일학습병행자격,L2,자동차차체정비,,,
1529,일학습병행자격,L5,소방공사관리,,,
1530,일학습병행자격,L5,의료기관의료기기안전관리,,,
1531,일학습병행자격,L5,금속재료설계,,,
1532,일학습병행자격,L3,철강재시공,,,
1533,일학습병행자격,L5,건축설계,,,
1534,일학습병행자격,L2,단열시공,,,
1535,일학습병행자격,L2,열간압연,,,
1536,일학습병행자격,L2,비철금속습식제련,,,
1537,일학습병행자격,L2,열처리,,,
1538,일학습병행자격,L5,냉동공조운영관리,,,
1539,일학습병행자격,L4,선박선체건조,,,
1540,일학습병행자격,L5,항공기부품제작,,,
1541,일학습병행자격,L3,스포츠선수관리,,,
1542,일학습병행자격,L4,식품품질관리,,,
1543,일학습병행자격,L3,카지노딜러,,,
1544,일학습병행자격,L3,버섯재배,,,
1545,일학습병행자격,L5,농촌체험,,,
1546,일학습병행자격,L3,종자유통,,,
1547,일학습병행자격,L5,종자유통,,,
1548,일학습병행자격,L3,씨앗생산,,,
1549,일학습병행자격,L5,씨앗생산,,,
1550,일학습병행자격,L3,식물육종,,,
1551,일학습병행자격,L5,식물육종,,,
1552,일학습병행자격,L3,가금사육,,,
1553,일학습병행자격,L3,한우사육,,,
1554,일학습병행자격,L3,말사육,,,
1555,일학습병행자격,L2,펄프·종이제조,,,
1556,일학습병행자격,L6,디지털디자인디렉터,,,
1557,일학습병행자격,L6,기계시스템설계,,,
1558,일학습병행자격,L6,기계설비제어,,,
1559,일학습병행자격,L6,SW아키텍트,,,
1560,일학습병행자격,L6,임베디드SW개발,,,
1561,일학습병행자격,L6,IT프로젝트관리,,,
1562,일학습병행자격,L6,스마트팩토리시스템관리,,,
1563,일학습병행자격,L4,청소년상담복지,,,
1564,국가전문자격,기술지도사,기술지도사,정보기술관리,,
1565,일학습병행자격,L2,3D프린터운용,,,
1566,일학습병행자격,L5,가상훈련콘텐츠SW개발,,,
1567,일학습병행자격,L5,블록체인서비스개발,,,
1568,일학습병행자격,L5,빅데이터분석,,,
1569,일학습병행자격,L5,빅데이터구축·운영엔지니어링,,,
1570,일학습병행자격,L4,스마트물류운영·관리,,,
1571,일학습병행자격,L3,스마트팜개발,,,
1572,일학습병행자격,L5,스마트팜개발,,,
1573,일학습병행자격,L5,인공지능개발,,,
1574,일학습병행자격,L5,자율주행소프트웨어개발,,,
1575,일학습병행자격,L3,커넥티드카소프트웨어개발,,,
1576,일학습병행자격,L4,기장의장,,,
1577,일학습병행자격,L3,방송제작운용,,,
1578,일학습병행자격,L3,유선통신시공,,,
1579,일학습병행자격,L2,무선통신운용,,,
1580,일학습병행자격,L5,식품가공연구개발,,,
1581,일학습병행자격,L5,제과,,,
1582,일학습병행자격,L5,제빵,,,
1583,일학습병행자격,L3,건강기능식품가공,원료분말제조,,
1584,일학습병행자격,L3,김치반찬가공,김치절임,,
1585,일학습병행자격,L3,김치반찬가공,반찬,,
1586,일학습병행자격,L3,두류식품가공,,,
1587,일학습병행자격,L3,떡제조,,,
1588,일학습병행자격,L3,면류식품가공,,,
1589,일학습병행자격,L3,목공예,,,
1590,일학습병행자격,L5,풍력에너지생산기술,,,
1591,일학습병행자격,L5,철도차량설계,,,
1592,일학습병행자격,L2,선박선체건조,,,
1593,일학습병행자격,L2,압연,열간압연,,
1594,일학습병행자격,L3,플라스틱제품제조,사출,,
1595,일학습병행자격,L4,전자기기소프트웨어개발,응용,,
1596,일학습병행자격,L3,곡물가공,,,
1597,일학습병행자격,L6,디지털디자인디렉터,,,
1598,일학습병행자격,L6,기계시스템설계,,,
1599,일학습병행자격,L6,기계설비제어,,,
1600,일학습병행자격,L6,SW아키텍트,,,
1601,일학습병행자격,L6,IT프로젝트관리,,,
1602,일학습병행자격,L3,평생교육프로그램개발운영,,,
1603,일학습병행자격,L5,텍스타일디자인,,,
1604,일학습병행자격,L4,역시설물유지보수,,,
1605,일학습병행자격,L5,중식조리,,,
1606,일학습병행자격,L4,실용음악예술,보컬디렉팅,,
1607,일학습병행자격,L4,애니메이션제작,,,
1608,일학습병행자격,L4,음악제작,,,
1609,일학습병행자격,L4,학예,,,
1610,일학습병행자격,L3,공연기계장치,,,
1611,일학습병행자격,L3,공연무대의상,,,
1612,일학습병행자격,L5,화학물질분석,,,
1613,일학습병행자격,L3,화학물질분석,,,
1614,일학습병행자격,L5,화학물질취급관리,,,
1615,일학습병행자격,L3,화학물질취급관리,,,
1616,일학습병행자격,L5,화학공정유지운영,,,
1617,일학습병행자격,L3,기초석유화학제품제조,,,
1618,일학습병행자격,L5,기초석유화학제품제조,,,
1619,일학습병행자격,L3,고분자복합재료제조,,,
1620,일학습병행자격,L5,고분자복합재료제조,,,
1621,일학습병행자격,L3,고분자제품제조,,,
1622,일학습병행자격,L5,고분자제품제조,,,
1623,일학습병행자격,L3,의약품제조,,,
1624,일학습병행자격,L5,의약품제조,,,
1625,일학습병행자격,L3,화장품제조,,,
1626,일학습병행자격,L5,화장품제조,,,
1627,일학습병행자격,L3,기능성정밀화학제품제조,,,
1628,일학습병행자격,L5,도료제조,,,
1629,일학습병행자격,L3,바이오의약품제조,,,
1630,일학습병행자격,L5,바이오의약품제조,,,
1631,일학습병행자격,L5,바이오화학제품제조,,,
1632,일학습병행자격,L5,플라스틱사출성형품제조,,,
1633,일학습병행자격,L3,플라스틱압출제품제조,,,
1634,일학습병행자격,L5,플라스틱압출제품제조,,,
1635,일학습병행자격,L3,합섬원사생산,,,
1636,일학습병행자격,L3,방적원사생산,,,
1637,일학습병행자격,L5,방적원사생산,,,
1638,일학습병행자격,L3,제직생산,,,
1639,일학습병행자격,L3,편직생산,,,
1640,일학습병행자격,L5,편직생산,,,
1641,일학습병행자격,L5,제직생산,,,
1642,일학습병행자격,L5,섬유염색가공,,,
1643,일학습병행자격,L5,섬유품질경영관리,,,
1644,일학습병행자격,L5,냉동공조운영관리,,,
1645,일학습병행자격,L5,사출금형설계,,,
1646,일학습병행자격,L5,선박선체설계,,,
1647,일학습병행자격,L2,제빵,,,
1648,일학습병행자격,L2,이용,,,
1649,일학습병행자격,L3,수출입관리,,,
1650,일학습병행자격,L3,금융업무관리,,,
1651,일학습병행자격,L5,자산운용,,,
1652,일학습병행자격,L5,기능성정밀화학제품제조,,,
1653,일학습병행자격,L5,자동제어기기설계,,,
1654,일학습병행자격,L3,총무·인사,,,
1655,일학습병행자격,L2,세무·회계정보관리,,,
1656,일학습병행자격,L3,세무·회계정보관리,,,
1657,일학습병행자격,L5,헬스케어운동지도,,,
1658,일학습병행자격,L3,자동차정비,,,
1659,일학습병행자격,L3,SW개발,,,
1660,일학습병행자격,L6,SW아키텍트,,,
1661,일학습병행자격,L4,기계품질경영,,,
1662,일학습병행자격,L3,생산기계설치·정비,,,
1663,일학습병행자격,L3,항공기엔진정비,,,
1664,일학습병행자격,L2,자동용접,로봇용접,,
1665,일학습병행자격,L3,화학물질취급관리,,,
1666,일학습병행자격,L3,주류제조가공,,,
1667,일학습병행자격,L2,단위화훼장식,,,
1668,일학습병행자격,L5,광산보안·화약류관리,,,
1669,일학습병행자격,L2,건설용크레인조종,,,
1670,일학습병행자격,L2,항만크레인조종,,,
1671,일학습병행자격,L2,강관제조,,,
1672,일학습병행자격,L2,농촌체험,,,
1673,일학습병행자격,L3,단조압출인발,압출인발,,
1674,일학습병행자격,L2,열처리,,,
1675,일학습병행자격,L2,선재가공,,,
1676,일학습병행자격,L2,강관제조,,,
1677,일학습병행자격,L4,수동용접,CO2용접,,
1678,일학습병행자격,L3,방사선비파괴검사관리,,,
1679,일학습병행자격,L4,선실의장,,,
1680,일학습병행자격,L4,선장의장,,,
1681,일학습병행자격,L3,자기비파괴검사관리,,,
1682,일학습병행자격,L4,전장의장,,,
1683,일학습병행자격,L3,초음파비파괴검사관리,,,
1684,일학습병행자격,L3,침투비파괴검사관리,,,
1685,일학습병행자격,L3,CNC밀링가공,,,
1686,일학습병행자격,L3,CNC선반가공,,,
1687,일학습병행자격,L3,SW개발,,,
1688,일학습병행자격,L3,가금사육,,,
1689,일학습병행자격,L5,건축구조설계,,,
1690,일학습병행자격,L5,건축설계,,,
1691,일학습병행자격,L3,공연음향,,,
1692,일학습병행자격,L3,광물·석유자원개발,,,
1693,일학습병행자격,L5,광물·석유자원개발,,,
1694,일학습병행자격,L5,광산보안·화약류관리,,,
1695,일학습병행자격,L3,광산조사·탐사,,,
1696,일학습병행자격,L5,광산조사·탐사,,,
1697,일학습병행자격,L2,구조물해체,,,
1698,일학습병행자격,L3,굴삭기정비,,,
1699,일학습병행자격,L4,금속재료평가,,,
1700,일학습병행자격,L4,기계생산관리,,,
1701,일학습병행자격,L5,기계생산관리,,,
1702,일학습병행자격,L6,기계설비제어,,,
1703,일학습병행자격,L6,기계시스템설계,,,
1704,일학습병행자격,L3,공연음향,,,
1705,일학습병행자격,L3,디지털디자인,,,
1706,일학습병행자격,L3,시각디자인,,,
1707,일학습병행자격,L3,실내디자인,,,
1708,일학습병행자격,L3,캐릭터제작,,,
1709,일학습병행자격,L3,텍스타일디자인,,,
1710,일학습병행자격,L3,환경디자인,,,
1711,일학습병행자격,L5,검정,,,
1712,일학습병행자격,L5,선박기관,,,
1713,일학습병행자격,L5,선박항해,,,
1714,일학습병행자격,L5,재난방재조종,,,
1715,일학습병행자격,L5,철도관제,,,
1716,일학습병행자격,L5,철도정보통신시설물유지보수,,,
1717,일학습병행자격,L5,항공보안관리,,,
1718,일학습병행자격,L4,철도기관,,,
1719,일학습병행자격,L4,철도선로시설물유지보수,,,
1720,일학습병행자격,L3,경량항공기레저관광조종,,,
1721,일학습병행자격,L3,선박기관,,,
1722,일학습병행자격,L3,선박항해,,,
1723,일학습병행자격,L3,항공보안관리,,,
1724,일학습병행자격,L5,감정평가정보,,,
1725,일학습병행자격,L5,부동산관리,,,
1726,일학습병행자격,L5,부동산자산관리,,,
1727,일학습병행자격,L5,부동산중개,,,
1728,일학습병행자격,L5,판매관리,방문판매,,
1729,일학습병행자격,L3,감정평가정보,,,
1730,일학습병행자격,L3,부동산중개,,,
1731,일학습병행자격,L3,영업,,,
1732,일학습병행자격,L3,판매관리,전자상거래,,
1733,일학습병행자격,L5,보안경비관리,,,
1734,일학습병행자격,L3,보안경비,,,
1735,일학습병행자격,L2,수선,,,
1736,일학습병행자격,L2,세탁,,,
1737,일학습병행자격,L5,네일미용,,,
1738,일학습병행자격,L5,컨벤션기획,,,
1739,일학습병행자격,L5,피부관리,,,
1740,일학습병행자격,L5,선박의장설계,,,
1741,일학습병행자격,L5,자동차설계,,,
1742,일학습병행자격,L5,프레스금형설계,,,
1743,일학습병행자격,L5,항공기부품제작,,,
1744,일학습병행자격,L5,헬리콥터정비,,,
1745,일학습병행자격,L4,기계장치제어,,,
1746,일학습병행자격,L4,기계제어설계,,,
1747,일학습병행자격,L4,기계품질경영,,,
1748,일학습병행자격,L4,동력기계설치·정비,,,
1749,일학습병행자격,L4,선박선체건조,,,
1750,일학습병행자격,L4,선박시운전정비,,,
1751,일학습병행자격,L4,선박의장,,,
1752,일학습병행자격,L4,와이어방전가공,와이어컷,,
1753,일학습병행자격,L4,자동차시험평가,,,
1754,일학습병행자격,L4,자동차차체·도장,,,
1755,일학습병행자격,L4,특수가공,레이저,,
1756,일학습병행자격,L4,특수가공,플라즈마,,
1757,일학습병행자격,L4,CNC절삭가공,밀링,,
1758,일학습병행자격,L3,냉동공조설계,,,
1759,일학습병행자격,L3,냉동공조운영관리,,,
1760,일학습병행자격,L3,사출금형설계,,,
1761,일학습병행자격,L5,텍스타일디자인,,,
1762,일학습병행자격,L3,서비스·경험디자인,,,
1763,일학습병행자격,L5,서비스·경험디자인,,,
1764,일학습병행자격,L3,실내디자인,,,
1765,일학습병행자격,L5,실내디자인,,,
1766,일학습병행자격,L3,음악제작,,,
1767,일학습병행자격,L5,게임그래픽,,,
1768,일학습병행자격,L5,영화제작,,,
1769,일학습병행자격,L5,방송제작,,,
1770,일학습병행자격,L5,광고제작,,,
1771,일학습병행자격,L3,애니메이션제작,,,
1772,일학습병행자격,L5,게임프로그래밍,,,
1773,일학습병행자격,L3,캐릭터제작,,,
1774,일학습병행자격,L3,만화제작,,,
1775,일학습병행자격,L4,스마트앱디자인설계,,,
1776,일학습병행자격,L3,종자유통,,,
1777,일학습병행자격,L3,이용,Barber,,
1778,일학습병행자격,L3,한식조리,,,
1779,일학습병행자격,L3,절삭가공,선반,,
1780,일학습병행자격,L3,석유화학제품제조,기능성고분자,,
1781,일학습병행자격,L3,정밀화학제품제조,화장품,,
1782,일학습병행자격,L3,수산식품가공,건품,,
1783,일학습병행자격,L3,광산·조사탐사,,,
1784,일학습병행자격,L3,수산양식,,,
1785,일학습병행자격,L4,의료기관행정관리,,,
1786,일학습병행자격,L4,기계장치조립,,,
1787,일학습병행자격,L4,유리재료제조,,,
1788,일학습병행자격,L4,정수장운영관리,,,
1789,일학습병행자격,L4,환경시설관리,,,
1790,일학습병행자격,L5,보험영업·계약관리,,,
1791,일학습병행자격,L5,위험물안전관리,,,
1792,일학습병행자격,L5,광고제작,,,
1793,일학습병행자격,L5,판매관리,매장판매,,
1794,일학습병행자격,L5,판매관리,전자상거래,,
1795,일학습병행자격,L5,여행상품기획,,,
1796,일학습병행자격,L5,해양환경영향평가관리,,,
1797,일학습병행자격,L5,플라스틱제품제조,컴파운딩,,
1798,일학습병행자격,L5,송배전설비시공,,,
1799,일학습병행자격,L5,전기철도시공,,,
1800,일학습병행자격,L5,무선통신설계,,,
1801,일학습병행자격,L5,산업안전관리,,,
1802,일학습병행자격,L5,해양에너지생산기술,,,
1803,일학습병행자격,L3,기계요소설계,,,
1804,일학습병행자격,L2,기계요소조립,,,
1805,일학습병행자격,L3,기계장치제어,,,
1806,일학습병행자격,L3,기계장치조립,,,
1807,일학습병행자격,L5,기계제어설계,,,
1808,일학습병행자격,L4,기계품질경영,,,
1809,일학습병행자격,L5,기계품질경영,,,
1810,일학습병행자격,L5,기후대기관리,,,
1811,일학습병행자격,L2,김치류제조가공,,,
1812,일학습병행자격,L4,디스플레이개발,,,
1813,일학습병행자격,L3,디지털디자인,,,
1814,일학습병행자격,L6,디지털디자인디렉터,,,
1815,일학습병행자격,L3,마케팅·커뮤니케이션,,,
1816,일학습병행자격,L5,마케팅전략기획,,,
1817,일학습병행자격,L2,면류제조,,,
1818,일학습병행자격,L5,문화예술경영,,,
1819,일학습병행자격,L2,밀링가공,,,
1820,일학습병행자격,L3,바이오의약품제조,,,
1821,일학습병행자격,L5,바이오의약품제조,,,
1822,일학습병행자격,L3,바이오화학제품제조,,,
1823,일학습병행자격,L5,바이오화학제품제조,,,
1824,일학습병행자격,L3,반도체장비조립,,,
1825,일학습병행자격,L3,반도체제조운영,,,
1826,일학습병행자격,L3,보안경비,,,
1827,일학습병행자격,L3,사출금형제작,,,
1828,일학습병행자격,L3,사회복지서비스,,,
1829,일학습병행자격,L5,사회복지서비스,,,
1830,일학습병행자격,L4,산업물류,,,
1831,일학습병행자격,L3,산업환경전기·계측제어설비,,,
1832,일학습병행자격,L5,산업환경전기·계측제어설비,,,
1833,일학습병행자격,L4,크루즈운영관리,,,
1834,일학습병행자격,L3,여행안내,,,
1835,일학습병행자격,L3,카지노운영관리,,,
1836,일학습병행자격,L3,호텔식음료,서비스사,,
1837,일학습병행자격,L3,바리스타,,,
1838,일학습병행자격,L5,조경,,,
1839,일학습병행자격,L5,해양플랜트설치·운용관리,,,
1840,일학습병행자격,L3,산업환경기계설비,,,
1841,일학습병행자격,L3,토목사업관리,,,
1842,일학습병행자격,L2,건설기계정비,,,
1843,일학습병행자격,L2,도로장비조종,,,
1844,일학습병행자격,L2,준설선조종,,,
1845,일학습병행자격,L2,측량·지리정보개발,,,
1846,일학습병행자격,L5,기계품질경영,,,
1847,일학습병행자격,L5,철도차량유지보수,,,
1848,일학습병행자격,L4,기계생산관리,,,
1849,일학습병행자격,L4,생산기계설치·정비,,,
1850,일학습병행자격,L4,자동차정비,,,
1851,일학습병행자격,L4,CNC절삭가공,선반,,
1852,일학습병행자격,L3,선박선체설계,,,
1853,일학습병행자격,L3,절삭가공,연삭,,
1854,일학습병행자격,L3,항공기엔진정비,,,
1855,일학습병행자격,L2,기계요소조립,,,
1856,일학습병행자격,L2,전산응용기계설계,,,
1857,일학습병행자격,L4,선재가공,,,
1858,일학습병행자격,L4,일반세라믹제조,,,
1859,일학습병행자격,L2,금속도장,,,
1860,일학습병행자격,L2,수동용접,CO2,,
1861,일학습병행자격,L5,바이오화학제품제조,,,
1862,일학습병행자격,L5,석유화학제품제조,석유,,
1863,일학습병행자격,L4,수동용접,가스텅스텐아크,,
1864,일학습병행자격,L3,전기기기제작,,,
1865,일학습병행자격,L5,금융자산관리,증권,,
1866,일학습병행자격,L3,원사생산관리,방적_혼타면,,
1867,일학습병행자격,L3,판매관리,매장판매,,
1868,일학습병행자격,L4,철도운전,,,
1869,일학습병행자격,L5,철도관제,,,
1870,일학습병행자격,L5,열차운용DIA관리,,,
1871,일학습병행자격,L4,패션디자인,,,
1872,일학습병행자격,L3,패턴메이킹,,,
1873,일학습병행자격,L3,비주얼머천다이징,,,
1874,일학습병행자격,L3,제직의류생산,,,
1875,일학습병행자격,L4,편직의류생산,,,
1876,일학습병행자격,L3,가죽·모피생산,,,
1877,과정평가형자격,기사,사출금형산업기사,,,
1878,과정평가형자격,기사,프레스금형산업기사,,,
1879,과정평가형자격,기사,기계설계산업기사,,,
1880,과정평가형자격,기사,자동화설비산업기사,,,
1881,과정평가형자격,기사,설비보전산업기사,,,
1882,과정평가형자격,기사,치공구설계산업기사,,,
1883,과정평가형자격,기사,금속재료산업기사,,,
1884,과정평가형자격,기사,정밀측정산업기사,,,
1885,과정평가형자격,기사,위험물산업기사,,,
1886,과정평가형자격,기사,실내건축산업기사,,,
1887,과정평가형자격,기사,정보처리산업기사,,,
1888,과정평가형자격,기사,시각디자인산업기사,,,
1889,과정평가형자격,기사,공조냉동기계산업기사,,,
1890,과정평가형자격,기사,귀금속가공산업기사,,,
1891,과정평가형자격,기사,컬러리스트산업기사,,,
1892,과정평가형자격,기능사,컴퓨터응용선반기능사,,,
1893,과정평가형자격,기능사,컴퓨터응용밀링기능사,,,
1894,일학습병행자격,L5,공연기계장치,,,
1895,일학습병행자격,L4,판금제관,,,
1896,일학습병행자격,L3,사출금형설계,,,
1897,일학습병행자격,L4,여행상품상담,,,
1898,일학습병행자격,L3,커플매니저,,,
1899,일학습병행자격,L5,재무기획관리,,,
1900,일학습병행자격,L5,위험물안전관리,,,
1901,과정평가형자격,기능사,축산기능사,,,
1902,일학습병행자격,L4,영유아보육,,,
1903,일학습병행자격,L3,텍스타일디자인,,,
1904,일학습병행자격,L3,선박기관,,,
1905,일학습병행자격,L3,주택관리,,,
1906,일학습병행자격,L2,헤어디자인,,,
1907,일학습병행자격,L3,유원시설운영관리,,,
1908,일학습병행자격,L5,헬스케어운동지도,,,
1909,일학습병행자격,L2,구조물해체,,,
1910,일학습병행자격,L3,지게차정비,,,
1911,일학습병행자격,L5,건설관리,,,
1912,일학습병행자격,L3,연삭가공,,,
1913,일학습병행자격,L3,항공기부품제작,,,
1914,일학습병행자격,L5,기계제어설계,,,
1915,일학습병행자격,L2,제강,,,
1916,일학습병행자격,L4,냉간압연,,,
1917,일학습병행자격,L3,바이오화학제품제조,,,
1918,일학습병행자격,L4,패션머천다이징,,,
1919,일학습병행자격,L5,패턴메이킹,,,
1920,일학습병행자격,L3,화학물질분석,,,
1921,일학습병행자격,L3,산업환경기계설비,,,
1922,일학습병행자격,L5,산업환경기계설비,,,
1923,일학습병행자격,L3,생산관리,,,
1924,일학습병행자격,L5,생산관리,,,
1925,일학습병행자격,L2,선박선체건조,,,
1926,일학습병행자격,L3,섬유염색가공,,,
1927,일학습병행자격,L2,세라믹제조,,,
1928,일학습병행자격,L4,세라믹제조,,,
1929,일학습병행자격,L2,세무·회계정보관리,,,
1930,일학습병행자격,L3,세무·회계정보관리,,,
1931,일학습병행자격,L3,소방공사관리,,,
1932,일학습병행자격,L2,수동용접,CO2용접,,
1933,일학습병행자격,L2,수산식품가공,,,
1934,일학습병행자격,L3,수산식품가공,,,
1935,일학습병행자격,L2,수중구조물시공및준설,,,
1936,일학습병행자격,L6,스마트팩토리시스템관리,,,
1937,일학습병행자격,L3,승강기설치,,,
1938,일학습병행자격,L3,승강기유지관리,,,
1939,일학습병행자격,L3,시각디자인,,,
1940,일학습병행자격,L5,시각디자인,,,
1941,일학습병행자격,L3,식음료서비스,,,
1942,일학습병행자격,L4,식품품질관리,,,
1943,일학습병행자격,L3,신변보호,,,
1944,일학습병행자격,L3,씨앗생산,,,
1945,일학습병행자격,L5,씨앗생산,,,
1946,일학습병행자격,L3,연삭가공,,,
1947,일학습병행자격,L3,영업,,,
1948,일학습병행자격,L5,영업,,,
1949,일학습병행자격,L4,압연,냉간압연,,
1950,일학습병행자격,L3,특수인쇄,그라비어,,
1951,일학습병행자격,L5,판매관리,통신판매,,
1952,일학습병행자격,L3,판매관리,방문판매,,
1953,일학습병행자격,L5,헤어디자이너,,,
1954,일학습병행자격,L5,호텔관리,,,
1955,일학습병행자격,L5,호텔식음료,지배인,,
1956,일학습병행자격,L4,여행상품상담,,,
1957,일학습병행자격,L4,유원시설운영서비스,,,
1958,일학습병행자격,L3,건강운동관리,,,
1959,일학습병행자격,L3,네일미용,,,
1960,일학습병행자격,L3,메이크업아티스트,,,
1961,일학습병행자격,L3,선수스포츠관리,,,
1962,일학습병행자격,L3,스포츠클럽운영관리,,,
1963,일학습병행자격,L3,여가생활지도,,,
1964,일학습병행자격,L3,웨딩이벤트매니저,,,
1965,일학습병행자격,L3,웨딩플래너,,,
1966,일학습병행자격,L3,장례시설관리,,,
1967,일학습병행자격,L3,장례지도,,,
1968,일학습병행자격,L3,커플매니저,,,
1969,일학습병행자격,L3,컨벤션기획,,,
1970,일학습병행자격,L3,피부관리,,,
1971,일학습병행자격,L3,항공객실서비스,,,
1972,일학습병행자격,L2,메이크업아티스트,,,
1973,일학습병행자격,L2,이용,Barber,,
1974,일학습병행자격,L2,헤어디자이너,,,
1975,일학습병행자격,L5,복어조리,,,
1976,일학습병행자격,L5,양식조리,,,
1977,일학습병행자격,L5,일식조리,,,
1978,일학습병행자격,L5,한식조리,,,
1979,일학습병행자격,L3,바텐더,,,
1980,일학습병행자격,L3,복어조리,,,
1981,일학습병행자격,L3,소믈리에,,,
1982,일학습병행자격,L3,식음료서비스,,,
1983,일학습병행자격,L3,양식조리,,,
1984,일학습병행자격,L3,중식조리,,,
1985,과정평가형자격,기능사,기계가공조립기능사,,,
1986,과정평가형자격,기능사,금형기능사,,,
1987,과정평가형자격,기능사,정밀측정기능사,,,
1988,일학습병행자격,L4,정비기지시설물유지보수,,,
1989,일학습병행자격,L4,역시설물유지보수,,,
1990,일학습병행자격,L5,철도정보통신시설물유지보수,,,
1991,일학습병행자격,L4,철도선로시설물유지보수,,,
1992,일학습병행자격,L3,선박항해,,,
1993,일학습병행자격,L5,선박항해,,,
1994,일학습병행자격,L5,선박기관,,,
1995,일학습병행자격,L3,해상교통관제,,,
1996,일학습병행자격,L5,해상교통관제,,,
1997,일학습병행자격,L3,수상레저기구운항,,,
1998,일학습병행자격,L3,검수,,,
1999,일학습병행자격,L5,검정,,,
2000,일학습병행자격,L3,경량항공기레저관광조종,,,
2001,일학습병행자격,L5,재난방재조종,,,
2002,일학습병행자격,L4,항공안전관리,,,
2003,일학습병행자격,L5,항공보안관리,,,
2004,일학습병행자격,L5,영업,,,
2005,일학습병행자격,L4,부동산경·공매,,,
2006,일학습병행자격,L5,주택관리,,,
2007,일학습병행자격,L5,부동산자산관리,,,
2008,일학습병행자격,L3,부동산중개,,,
2009,일학습병행자격,L5,부동산중개,,,
2010,일학습병행자격,L3,감정평가정보,,,
2011,일학습병행자격,L5,감정평가정보,,,
2012,일학습병행자격,L5,매장판매,,,
2013,일학습병행자격,L3,방문판매,,,
2014,일학습병행자격,L5,방문판매,,,
2015,일학습병행자격,L3,e-비지니스,,,
2016,일학습병행자격,L5,e-비지니스,,,
2017,일학습병행자격,L3,기계경비,,,
2018,일학습병행자격,L3,신변보호,,,
2019,과정평가형자격,기능사,정보처리기능사,,,
2020,일학습병행자격,L3,자동제어기기제작,,,
2021,일학습병행자격,L4,전자기기소프트웨어개발,,,
2022,일학습병행자격,L4,무선통신설계,,,
2023,일학습병행자격,L5,SW개발,,,
2024,일학습병행자격,L6,임베디드SW개발,,,
2025,일학습병행자격,L3,주류제조가공,,,
2026,일학습병행자격,L3,귀금속가공,,,
2027,일학습병행자격,L3,광산환경관리,,,
2028,일학습병행자격,L5,풍력에너지생산기술,,,
2029,일학습병행자격,L2,임산물생산관리,,,
2030,일학습병행자격,L3,염생산관리,,,
2031,과정평가형자격,기사,재료조직평가산업기사,,,
2032,과정평가형자격,기사,전산회계운용사,,,1급
2033,일학습병행자격,L3,마케팅·커뮤니케이션,,,
2034,일학습병행자격,L5,광고·홍보,,,
2035,일학습병행자격,L5,마케팅전략기획,,,
2036,일학습병행자격,L5,마케팅통계분석,,,
2037,일학습병행자격,L3,총무·인사,,,
2038,일학습병행자격,L5,총무·인사,,,
2039,일학습병행자격,L5,재무기획관리,,,
2040,일학습병행자격,L2,세무·회계정보관리,,,
2041,일학습병행자격,L3,세무·회계정보관리,,,
2042,일학습병행자격,L4,산업물류,,,
2043,일학습병행자격,L3,수출입관리,,,
2044,일학습병행자격,L3,생산관리,,,
2045,일학습병행자격,L5,생산관리,,,
2046,일학습병행자격,L3,품질경영,,,
2047,일학습병행자격,L5,품질경영,,,
2048,일학습병행자격,L3,금융업무관리,,,
2049,일학습병행자격,L5,증권금융자산관리,,,
2050,일학습병행자격,L3,신용카드운영,,,
2051,일학습병행자격,L5,자산운용,,,
2052,일학습병행자격,L3,매장판매,,,
2053,일학습병행자격,L3,e-비지니스,,,
2054,일학습병행자격,L2,자동차정비,,,
2055,일학습병행자격,L3,사출금형제작,,,
2056,일학습병행자격,L3,플라스틱사출성형품제조,,,
2057,일학습병행자격,L2,음료제조가공,,,
2058,일학습병행자격,L3,와이어방전가공,,,
2059,일학습병행자격,L2,자동제어기기제작,,,
2060,일학습병행자격,L3,자동제어기기제작,,,
2061,일학습병행자격,L2,자동차보수도장,,,
2062,일학습병행자격,L5,자동차시험평가,,,
2063,일학습병행자격,L2,자동차정비,,,
2064,일학습병행자격,L3,자동차정비,,,
2065,일학습병행자격,L3,자동차차체도장,,,
2066,일학습병행자격,L5,재무기획관리,,,
2067,일학습병행자격,L5,전기설계,,,
2068,일학습병행자격,L2,전기시공,,,
2069,일학습병행자격,L2,전산응용기계설계,,,
2070,일학습병행자격,L2,전자기기생산,,,
2071,일학습병행자격,L4,전자기기서비스,,,
2072,일학습병행자격,L3,전자기기하드웨어개발,,,
2073,일학습병행자격,L5,전직지원,,,
2074,일학습병행자격,L2,제빵,,,
2075,일학습병행자격,L5,증권금융자산관리,,,
2076,일학습병행자격,L3,지게차정비,,,
2077,일학습병행자격,L5,직업상담,,,
2078,일학습병행자격,L2,철근콘크리트·가설시공,,,
2079,일학습병행자격,L2,축산식품가공,,,
2080,일학습병행자격,L2,측량·지리정보개발,,,
2081,일학습병행자격,L5,측량·지리정보개발,,,
2082,일학습병행자격,L5,토목설계,,,
2083,일학습병행자격,L5,건축설계,,,
2084,일학습병행자격,L5,건축설비,,,
2085,일학습병행자격,L5,건축시공관리,,,
2086,일학습병행자격,L5,교통계획설계,,,
2087,일학습병행자격,L5,도시계획,,,
2088,일학습병행자격,L5,산업환경전기·계측제어설비,,,
2089,일학습병행자격,L5,측량·지리정보개발,,,
2090,일학습병행자격,L5,토목설계,,,
2091,일학습병행자격,L5,토목시공관리,,,
2092,일학습병행자격,L5,해양생태분석,,,
2093,일학습병행자격,L4,수동용접,가스메탈아크,,
2094,일학습병행자격,L3,특수인쇄,플렉소그래피,,
2095,일학습병행자격,L2,단조압출인발,단조,,
2096,일학습병행자격,L2,수동용접,가스메탈아크,,
2097,일학습병행자격,L2,자동용접,로봇용접,,
2098,일학습병행자격,L2,수동용접,가스텅스텐아크,,
2099,일학습병행자격,L4,자동용접,로봇용접,,
2100,일학습병행자격,L3,판매관리,통신판매,,
2101,일학습병행자격,L2,전기기기제작,,,
2102,일학습병행자격,L2,압연,냉간압연,,
2103,일학습병행자격,L3,자재관리,,,
2104,일학습병행자격,L3,신용카드운영,,,
2105,일학습병행자격,L5,공연음향,,,
2106,일학습병행자격,L5,문화예술경영,,,
2107,일학습병행자격,L4,만화제작,,,
2108,일학습병행자격,L3,서비스·경험디자인,,,
2109,일학습병행자격,L4,항공안전관리,,,
2110,일학습병행자격,L4,카지노기획개발,,,
2111,일학습병행자격,L3,헤어디자이너,,,
2112,일학습병행자격,L3,일식조리,,,
2113,일학습병행자격,L3,건축구조설계,,,
2114,일학습병행자격,L3,축산식품저장·유통,,,
2115,일학습병행자격,L3,출판에디터,,,
2116,일학습병행자격,L3,산업보건관리,,,
2117,일학습병행자격,L5,식품육종,,,
2118,일학습병행자격,L2,세탁,,,
2119,일학습병행자격,L2,수선,,,
2120,일학습병행자격,L2,네일미용,,,
2121,일학습병행자격,L3,네일미용,,,
2122,일학습병행자격,L5,네일미용,,,
2123,일학습병행자격,L2,피부관리,,,
2124,일학습병행자격,L3,피부관리,,,
2125,일학습병행자격,L3,헤어디자인,,,
2126,일학습병행자격,L5,뷰티디자인전문,,,
2127,일학습병행자격,L3,사출금형제작,,,
2128,일학습병행자격,L3,생산기계설치·정비,,,
2129,일학습병행자격,L3,선박시운전정비,,,
2130,일학습병행자격,L3,선박의장설계,,,
2131,과정평가형자격,기능사,전산응용기계제도기능사,,,
2132,과정평가형자격,기능사,특수용접기능사,,,
2133,과정평가형자격,기능사,용접기능사,,,
2134,과정평가형자격,기능사,공유압기능사,,,
2135,일학습병행자격,L3,패션소품생산,,,
2136,일학습병행자격,L3,한복생산,,,
2137,일학습병행자격,L4,패션제품유통,,,
2138,일학습병행자격,L5,패션제품유통,,,
2139,일학습병행자격,L2,신발제조,,,
2140,일학습병행자격,L5,송배전설비시공,,,
2141,일학습병행자격,L5,전력계통설계,,,
2142,일학습병행자격,L5,전기감리,,,
2143,일학습병행자격,L5,전기기기설계,,,
2144,일학습병행자격,L3,전기기기제작,,,
2145,일학습병행자격,L2,전기기기제작,,,
2146,일학습병행자격,L3,전기설계,,,
2147,일학습병행자격,L5,전기설계,,,
2148,일학습병행자격,L3,전기시공,,,
2149,일학습병행자격,L2,전기시공,,,
2150,일학습병행자격,L5,전기설비시공,,,
2151,일학습병행자격,L2,자동제어기기제작,,,
2152,일학습병행자격,L5,전력계통감리,,,
2153,일학습병행자격,L3,플라스틱사출성형품제조,,,
2154,일학습병행자격,L2,비철금속건식제련,,,
2155,일학습병행자격,L2,수동용접,CO2용접,,
2156,일학습병행자격,L4,수동용접,가스텅스텐아크용접,,
2157,일학습병행자격,L2,세라믹제조,,,
2158,일학습병행자격,L2,탄소제품제조,,,
2159,일학습병행자격,L3,기초석유화학제품제조,,,
2160,일학습병행자격,L3,섬유염색가공,,,
2161,일학습병행자격,L3,보험영업·계약관리,,,
2162,일학습병행자격,L5,보험영업·계약관리,,,
2163,일학습병행자격,L5,인보험계약심사,언더라이팅,,
2164,일학습병행자격,L3,손해사정,,,
2165,일학습병행자격,L5,신체손해사정,,,
2166,일학습병행자격,L5,평생교육프로그램개발운영,,,
2167,일학습병행자격,L5,기업교육,,,
2168,일학습병행자격,L5,지식재산사무,,,
2169,일학습병행자격,L3,소방공사관리,,,
2170,일학습병행자격,L5,의료기관의료기기안전관리,,,
2171,일학습병행자격,L2,요양보호,,,
2172,일학습병행자격,L4,의료기관행정관리,,,
2173,일학습병행자격,L3,의료코디네이터,,,
2174,일학습병행자격,L5,사회복지정책,,,
2175,일학습병행자격,L3,사회복지서비스,,,
2176,일학습병행자격,L5,사회복지서비스,,,
2177,일학습병행자격,L5,직업상담,,,
2178,일학습병행자격,L5,전직지원,,,
2179,일학습병행자격,L4,청소년활동,,,
2180,일학습병행자격,L5,문화예술경영,,,
2181,일학습병행자격,L5,사진촬영,,,
2182,일학습병행자격,L3,공연음향,,,
2183,일학습병행자격,L3,시각디자인,,,
2184,일학습병행자격,L5,시각디자인,,,
2185,일학습병행자격,L3,제품디자인,,,
2186,일학습병행자격,L5,제품디자인,,,
2187,일학습병행자격,L5,피부관리,,,
2188,일학습병행자격,L2,패션제품유통,,,
2189,일학습병행자격,L3,도료제조,,,
2190,일학습병행자격,L5,합섬원사생산,,,
2191,일학습병행자격,L3,섬유염색가공,,,
2192,일학습병행자격,L3,기계장치조립,,,
2193,일학습병행자격,L2,수동용접,CO2용접,,
2194,일학습병행자격,L5,공연하우스매니징,,,
2195,일학습병행자격,L5,토목시공관리,,,
2196,일학습병행자격,L3,특수인쇄,,,
2197,일학습병행자격,L4,패션머천다이징,,,
2198,일학습병행자격,L3,패션소품생산,,,
2199,일학습병행자격,L2,패션제품유통,,,
2200,일학습병행자격,L4,패션제품유통,,,
2201,일학습병행자격,L5,폐자원에너지생산기술,,,
2202,일학습병행자격,L3,품질경영,,,
2203,일학습병행자격,L3,프레스금형제작,,,
2204,일학습병행자격,L4,프리프레스,,,
2205,일학습병행자격,L3,한우사육,,,
2206,일학습병행자격,L3,항공기부품제작,,,
2207,일학습병행자격,L3,헤어디자인,,,
2208,일학습병행자격,L5,환경디자인,,,
2209,일학습병행자격,L4,환경시설관리,,,
2210,일학습병행자격,L5,환경영향평가,,,
2211,국가기술자격,기사,조선선체기사,,,
2212,국가기술자격,기사,조선의장기사,,,
2213,국가기술자격,기능장,한복기능장,,,
2214,국가기술자격,기사,공간정보융합산업기사,,,
2215,일학습병행자격,L3,말사육,,,
2216,일학습병행자격,L2,목재가공,,,
2217,일학습병행자격,L3,해양플랜트설치·운용관리,,,
2218,일학습병행자격,L2,철근콘크리트·가설시공,,,
2219,일학습병행자격,L4,기계구조해석설계,,,
2220,일학습병행자격,L3,기계요소설계,,,
2221,일학습병행자격,L3,항공기기체정비,,,
2222,일학습병행자격,L4,단조압출인발,압출인발,,
2223,일학습병행자격,L2,금속재료설계,,,
2224,일학습병행자격,L5,석유화학제품제조,기능성고분자,,
2225,일학습병행자격,L5,석유화학제품제조,합성수지,,
2226,일학습병행자격,L5,정밀화학제품제조,도료,,
2227,일학습병행자격,L5,정밀화학제품제조,화장품,,
2228,일학습병행자격,L5,플라스틱제품제조,,,
2229,일학습병행자격,L3,석유화학제품제조,고분자복합재료,,
2230,일학습병행자격,L5,해양환경보전관리,,,
2231,일학습병행자격,L3,건축설계,,,
2232,일학습병행자격,L3,건축설비설계,,,
2233,일학습병행자격,L3,굴삭기정비,,,
2234,일학습병행자격,L3,수산식품가공,분쇄,,
2235,일학습병행자격,L3,수산식품가공,염장발효,,
2236,일학습병행자격,L3,수산식품가공,조미,,
2237,일학습병행자격,L3,수산식품저장·유통,,,
2238,일학습병행자격,L3,유제품가공,아이스크림,,
2239,일학습병행자격,L3,유제품가공,음용유류,,
2240,일학습병행자격,L3,음료주류가공,음료가공,,
2241,일학습병행자격,L3,음료주류가공,주류가공,,
2242,일학습병행자격,L3,제과,,,
2243,일학습병행자격,L3,제빵,,,
2244,일학습병행자격,L3,축산식품가공,살균제품,,
2245,일학습병행자격,L3,축산식품가공,식육단순가공,,
2246,일학습병행자격,L3,축산식품가공,햄소시지,,
2247,일학습병행자격,L5,귀금속가공,귀금속세공,,
2248,일학습병행자격,L5,귀금속가공,주얼리캐드원형,,
2249,일학습병행자격,L5,전기철도시공,,,
2250,일학습병행자격,L3,전기철도신호시공,,,
2251,일학습병행자격,L2,전기철도신호시공,,,
2252,일학습병행자격,L5,철도신호시공,,,
2253,일학습병행자격,L4,전자기기기획,,,
2254,일학습병행자격,L5,전자기기기획,,,
2255,일학습병행자격,L2,전자기기생산,,,
2256,일학습병행자격,L4,전자기기생산,,,
2257,일학습병행자격,L2,전자기기서비스,,,
2258,일학습병행자격,L4,전자기기서비스,,,
2259,일학습병행자격,L3,전자기기하드웨어개발,,,
2260,일학습병행자격,L5,전자기기하드웨어개발,,,
2261,일학습병행자격,L2,전자기기소프트웨어개발,,,
2262,일학습병행자격,L5,전자기기소프트웨어개발,,,
2263,일학습병행자격,L2,전자기기기구개발,,,
2264,일학습병행자격,L5,전자기기기구개발,,,
2265,일학습병행자격,L5,반도체장비개발,,,
2266,일학습병행자격,L3,반도체장비조립,,,
2267,일학습병행자격,L3,반도체설계,,,
2268,일학습병행자격,L4,반도체설계,,,
2269,일학습병행자격,L3,승강기설치,,,
2270,일학습병행자격,L3,승강기유지관리,,,
2271,일학습병행자격,L3,절삭가공,밀링,,
2272,일학습병행자격,L3,철도차량유지보수,,,
2273,일학습병행자격,L3,프레스금형설계,,,
2274,일학습병행자격,L3,프레스금형제작,,,
2275,일학습병행자격,L3,항공기부품제작,,,
2276,일학습병행자격,L3,항공기전자장치정비,,,
2277,일학습병행자격,L2,기계가공초급,밀링,,
2278,일학습병행자격,L2,기계가공초급,선반,,
2279,일학습병행자격,L2,기계가공초급,연삭,,
2280,일학습병행자격,L2,냉동공조설치운영,,,
2281,일학습병행자격,L2,선박의장,,,
2282,일학습병행자격,L2,자동차정비,,,
2283,일학습병행자격,L2,자동차보수도장,,,
2284,일학습병행자격,L3,환경디자인,,,
2285,일학습병행자격,L5,환경디자인,,,
2286,일학습병행자격,L3,디지털디자인,,,
2287,일학습병행자격,L5,디지털디자인,,,
2288,일학습병행자격,L3,텍스타일디자인,,,
2289,일학습병행자격,L3,서비스·경험디자인,,,
2290,일학습병행자격,L5,서비스·경험디자인,,,
2291,일학습병행자격,L3,실내디자인,,,
2292,일학습병행자격,L5,실내디자인,,,
2293,일학습병행자격,L5,게임그래픽,,,
2294,일학습병행자격,L5,방송제작,,,
2295,일학습병행자격,L5,광고제작,,,
2296,일학습병행자격,L3,애니메이션제작,,,
2297,일학습병행자격,L5,게임프로그래밍,,,
2298,일학습병행자격,L3,캐릭터제작,,,
2299,일학습병행자격,L3,만화제작,,,
2300,일학습병행자격,L4,스마트앱디자인설계,,,
2301,일학습병행자격,L3,영업,,,
2302,일학습병행자격,L5,영업,,,
2303,일학습병행자격,L3,주택관리,,,
2304,일학습병행자격,L5,상업용건물관리,,,
2305,일학습병행자격,L5,부동산자산관리,,,
2306,일학습병행자격,L3,매장판매,,,
2307,일학습병행자격,L5,매장판매,,,
2308,일학습병행자격,L3,e-비지니스,,,
2309,일학습병행자격,L5,e-비지니스,,,
2310,일학습병행자격,L3,보안경비,,,
2311,일학습병행자격,L3,기계경비,,,
2312,일학습병행자격,L3,신변보호,,,
2313,일학습병행자격,L3,헤어디자인,,,
2314,일학습병행자격,L5,뷰티디자인전문,,,
2315,일학습병행자격,L3,메이크업디자인,,,
2316,일학습병행자격,L3,웨딩플래너,,,
2317,일학습병행자격,L4,카지노기획개발,,,
2318,일학습병행자격,L3,카지노딜러,,,
2319,일학습병행자격,L4,크루즈운영관리,,,
2320,일학습병행자격,L3,유원시설운영관리,,,
2321,국가기술자격,기능사,공간정보융합기능사,,,
2322,국가기술자격,기사,제빵산업기사,,,
2323,국가기술자격,기능사,항공전기·전자정비기능사,,,
2324,국가기술자격,기능사,목재가공기능사,,,
2325,국가기술자격,기능사,펄프종이제조기능사,,,
2326,일학습병행자격,L5,마케팅통계분석,,,
2327,일학습병행자격,L5,기업교육,,,
2328,일학습병행자격,L4,의료기관행정관리,,,
2329,일학습병행자격,L5,e-비지니스,,,
2330,일학습병행자격,L5,여행상품기획,,,
2331,일학습병행자격,L3,컨벤션기획,,,
2332,일학습병행자격,L2,일식조리,,,
2333,일학습병행자격,L5,건축설비,,,
2334,일학습병행자격,L2,건축설비시공,,,
2335,일학습병행자격,L2,단열시공,,,
2336,일학습병행자격,L2,미장·방수·타일시공,,,
2337,일학습병행자격,L5,도시계획,,,
2338,일학습병행자격,L3,프레스금형설계,,,
2339,일학습병행자격,L5,프레스금형설계,,,
2340,일학습병행자격,L2,금속도장,,,
2341,일학습병행자격,L4,금속도장,,,
2342,일학습병행자격,L3,단조압출인발,압출인발,,
2343,일학습병행자격,L2,비철금속건식제련,,,
2344,일학습병행자격,L4,비철금속건식제련,,,
2345,일학습병행자격,L2,비철금속습식제련,,,
2346,일학습병행자격,L4,비철금속습식제련,,,
2347,일학습병행자격,L4,수동용접,CO2용접,,
2348,일학습병행자격,L2,수동용접,가스메탈아크용접,,
2349,일학습병행자격,L5,나전칠기,,,
2350,일학습병행자격,L5,목공예,,,
2351,일학습병행자격,L5,보석감정,,,
2352,일학습병행자격,L5,주얼리디자이너·머천다이저,주얼리마케팅,,
2353,일학습병행자격,L4,금속공예,,,
2354,일학습병행자격,L4,단위화훼장식지도,,,
2355,일학습병행자격,L4,프리프레스,,,
2356,일학습병행자격,L3,귀금속가공,,,
2357,일학습병행자격,L3,나전칠기,,,
2358,일학습병행자격,L3,보석감정,,,
2359,일학습병행자격,L3,석공예,,,
2360,일학습병행자격,L3,섬유공예,,,
2361,일학습병행자격,L3,주얼리디자이너·머천다이저,보석디자인,,
2362,일학습병행자격,L3,출판콘텐츠연출,,,
2363,일학습병행자격,L3,칠공예,,,
2364,일학습병행자격,L3,편집디자이너,,,
2365,일학습병행자격,L3,프리프레스,,,
2366,일학습병행자격,L2,가구제작,,,
2367,일학습병행자격,L2,단위화훼장식지도,,,
2368,일학습병행자격,L2,평판인쇄,,,
2369,일학습병행자격,L5,광물·석유자원개발,,,
2370,일학습병행자격,L3,석유화학제품제조,합성고무,,
2371,일학습병행자격,L3,정밀화학제품제조,농약,,
2372,일학습병행자격,L3,정밀화학제품제조,첨가제,,
2373,일학습병행자격,L3,플라스틱제품제조,컴파운딩,,
2374,일학습병행자격,L5,원사생산관리,방사,,
2375,일학습병행자격,L4,패션디자인,,,
2376,일학습병행자격,L3,원단생산관리,제직,,
2377,일학습병행자격,L2,신발제조,,,
2378,일학습병행자격,L5,로봇제어기하드웨어개발,,,
2379,일학습병행자격,L5,전자기기소프트웨어개발,응용,,
2380,일학습병행자격,L4,전자기기서비스,,,
2381,일학습병행자격,L3,반도체장비조립,,,
2382,일학습병행자격,L3,전자기기제작,,,
2383,일학습병행자격,L2,전자기기생산,,,
2384,일학습병행자격,L4,강관제조,,,
2385,일학습병행자격,L4,금속도장,,,
2386,일학습병행자격,L4,금속재료설계,,,
2387,일학습병행자격,L4,도금,,,
2388,일학습병행자격,L4,비철금속제련,,,
2389,일학습병행자격,L4,수동용접,CO2,,
2390,일학습병행자격,L4,압연,열간압연,,
2391,일학습병행자격,L4,열처리,,,
2392,일학습병행자격,L4,자동용접,서브머지드아크,,
2393,일학습병행자격,L4,제강,,,
2394,일학습병행자격,L4,제선,,,
2395,일학습병행자격,L4,주조,,,
2396,일학습병행자격,L4,탄소제품제조,,,
2397,일학습병행자격,L4,판금제관,,,
2398,일학습병행자격,L3,판금제관,,,
2399,일학습병행자격,L2,단조압출인발,압출인발,,
2400,일학습병행자격,L2,도금,,,
2401,일학습병행자격,L2,선재가공,,,
2402,일학습병행자격,L2,열처리,,,
2403,일학습병행자격,L2,유리재료제조,,,
2404,일학습병행자격,L2,자동용접,서브머지드아크,,
2405,일학습병행자격,L2,제강,,,
2406,일학습병행자격,L2,제선,,,
2407,일학습병행자격,L4,디스플레이개발,,,
2408,일학습병행자격,L3,디스플레이생산,,,
2409,일학습병행자격,L4,디스플레이생산,,,
2410,일학습병행자격,L5,로봇기구개발,,,
2411,일학습병행자격,L5,로봇소프트웨어개발,,,
2412,일학습병행자격,L5,로봇제어기하드웨어개발,,,
2413,일학습병행자격,L3,SW개발,,,
2414,일학습병행자격,L5,임베디드SW개발,,,
2415,일학습병행자격,L5,IT시스템운영,,,
2416,일학습병행자격,L5,SW테스트,,,
2417,일학습병행자격,L5,정보통신설계,,,
2418,일학습병행자격,L3,정보통신설비시공,,,
2419,일학습병행자격,L2,정보통신선로시공,,,
2420,일학습병행자격,L4,금속도장,,,
2421,일학습병행자격,L3,컨벤션기획,,,
2422,일학습병행자격,L5,컨벤션기획,,,
2423,일학습병행자격,L3,여행안내,,,
2424,일학습병행자격,L4,여행상품상담,,,
2425,일학습병행자격,L5,여행상품기획,,,
2426,일학습병행자격,L3,항공객실서비스,,,
2427,일학습병행자격,L3,호텔객실서비스,,,
2428,일학습병행자격,L3,호텔식음료서비스,,,
2429,일학습병행자격,L5,호텔관리,,,
2430,일학습병행자격,L4,피트니스건강관리,,,
2431,일학습병행자격,L5,헬스케어운동지도,,,
2432,일학습병행자격,L3,건강운동체형관리,,,
2433,일학습병행자격,L4,스포츠클럽관리,,,
2434,일학습병행자격,L2,한식조리,,,
2435,일학습병행자격,L4,한식조리,,,
2436,일학습병행자격,L2,양식조리,,,
2437,일학습병행자격,L4,양식조리,,,
2438,일학습병행자격,L2,중식조리,,,
2439,일학습병행자격,L4,중식조리,,,
2440,일학습병행자격,L2,일식조리,,,
2441,일학습병행자격,L4,일식조리,,,
2442,일학습병행자격,L3,식음료서비스,,,
2443,일학습병행자격,L3,소믈리에,,,
2444,일학습병행자격,L3,바리스타,,,
2445,일학습병행자격,L5,건설관리,,,
2446,일학습병행자격,L3,토목·건축관리,,,
2447,일학습병행자격,L2,토공·포장,,,
2448,일학습병행자격,L3,토목설계,,,
2449,일학습병행자격,L5,토목설계,,,
2450,일학습병행자격,L3,상하수도시공,,,
2451,일학습병행자격,L2,궤도시공,,,
2452,일학습병행자격,L3,철강재시공,,,
2453,일학습병행자격,L2,수중구조물시공및준설,,,
2454,일학습병행자격,L5,토목시공관리,,,
2455,일학습병행자격,L2,측량·지리정보개발,,,
2456,일학습병행자격,L4,수동용접,가스메탈아크용접,,
2457,일학습병행자격,L2,수동용접,가스텅스텐아크용접,,
2458,일학습병행자격,L4,수동용접,가스텅스텐아크용접,,
2459,일학습병행자격,L2,자동용접,로봇용접,,
2460,일학습병행자격,L4,자동용접,로봇용접,,
2461,일학습병행자격,L3,의약품제조,,,
2462,일학습병행자격,L5,의약품제조,,,
2463,일학습병행자격,L3,화장품제조,,,
2464,일학습병행자격,L3,가죽·모피생산,,,
2465,일학습병행자격,L5,전기기기설계,,,
2466,일학습병행자격,L4,반도체재료개발,,,
2467,일학습병행자격,L4,반도체설계,아날로그설계,,
2468,일학습병행자격,L4,반도체설계,디지털설계,,
2469,과정평가형자격,기사,프레스금형기사,,,
2470,과정평가형자격,기사,신재생에너지발전설비산업기사,태양광,,
2471,과정평가형자격,기사,자기비파괴검사산업기사,,,
2472,과정평가형자격,기사,침투비파괴검사산업기사,,,
2473,과정평가형자격,기사,산림산업기사,,,
2474,과정평가형자격,기사,방사선비파괴검사산업기사,,,
2475,국가기술자격,기능사,바이오공정기능사,,,
2476,국가기술자격,기능사,봉제기능사,,,
2477,일학습병행자격,L5,섬유품질경영관리,,,
2478,과정평가형자격,기능사,화약취급기능사,,,
2479,과정평가형자격,기사,제빵산업기사,,,
2480,일학습병행자격,L3,가죽·모피생산,,,
2481,일학습병행자격,L5,전기기기설계,,,
2482,일학습병행자격,L2,자동제어기기제작,,,
2483,일학습병행자격,L5,전기철도시공,,,
2484,과정평가형자격,기사,제과산업기사,,,
2485,과정평가형자격,기사,초음파비파괴검사산업기사,,,
2486,일학습병행자격,L2,전기철도신호시공,,,
2487,일학습병행자격,L2,전자기기생산,,,
2488,일학습병행자격,L2,전자기기서비스,,,
2489,일학습병행자격,L4,전자기기소프트웨어개발,,,
2490,일학습병행자격,L3,반도체제조운영,,,
2491,일학습병행자격,L4,디스플레이개발,,,
2492,일학습병행자격,L3,디스플레이생산,,,
2493,일학습병행자격,L3,비파괴검사관리,,,
2494,일학습병행자격,L3,한우사육,,,
2495,일학습병행자격,L6,임베디드SW개발,,,
2496,과정평가형자격,기사,3D프린터개발산업기사,,,
2497,과정평가형자격,기능사,떡제조기능사,,,
2498,과정평가형자격,기사,정보보안산업기사,,,
2499,일학습병행자격,L4,여행상품상담,,,
2500,과정평가형자격,기능사,타워크레인설치·해체기능사,,,
2501,일학습병행자격,L5,선박기본설계,,,
2502,일학습병행자격,L3,연삭가공,,,
2503,과정평가형자격,기사,산업안전기사,,,
2504,과정평가형자격,기사,자동차정비기사,,,
2505,국가기술자격,기사,화훼장식산업기사,,,
2506,일학습병행자격,L3,피부관리,,,
2507,일학습병행자격,L5,피부관리,,,
2508,일학습병행자격,L5,컨벤션기획,,,
2509,과정평가형자격,기사,광산보안기사,,,
2510,과정평가형자격,기능사,공간정보융합기능사,,,
2511,과정평가형자격,기사,화약류관리산업기사,,,
2512,과정평가형자격,기사,화약류관리기사,,,
2513,일학습병행자격,L3,철강재시공,,,
2514,일학습병행자격,L2,토공·포장,,,
2515,일학습병행자격,L3,건축설비,,,
2516,일학습병행자격,L2,선반가공,,,
2517,일학습병행자격,L3,축산식품가공,,,
2518,일학습병행자격,L3,산업환경보건,,,
2519,일학습병행자격,L5,농촌체험,,,
2520,일학습병행자격,L3,버섯재배,,,
2521,일학습병행자격,L3,수도작재배,,,
2522,일학습병행자격,L5,반도체장비개발,기구설계,,
2523,일학습병행자격,L5,반도체장비개발,전장설계,,
2524,일학습병행자격,L5,반도체장비개발,SW개발,,
2525,일학습병행자격,L5,SW테스트,,,
2526,일학습병행자격,L3,유선통신운용,,,
2527,과정평가형자격,기사,컬러리스트기사,,,
2528,과정평가형자격,기사,화공기사,,,
2529,과정평가형자격,기사,건축목공산업기사,,,
2530,과정평가형자격,기사,자동차정비산업기사,,,
2531,과정평가형자격,기사,항공산업기사,,,
2532,과정평가형자격,기사,지적산업기사,,,
2533,과정평가형자격,기사,에너지관리산업기사,,,
2534,과정평가형자격,기사,제품디자인산업기사,,,
2535,과정평가형자격,기사,사무자동화산업기사,,,
2536,과정평가형자격,기사,잠수산업기사,,,
2537,과정평가형자격,기사,자연생태복원산업기사,,,
2538,과정평가형자격,기사,식물보호산업기사,,,
2539,과정평가형자격,기사,수질환경산업기사,,,
2540,과정평가형자격,기사,의공산업기사,,,
2541,과정평가형자격,기사,한식조리산업기사,,,
2542,과정평가형자격,기사,일식조리산업기사,,,
2543,과정평가형자격,기사,복어조리산업기사,,,
2544,과정평가형자격,기능사,건설재료시험기능사,,,
2545,과정평가형자격,기능사,에너지관리기능사,,,
2546,과정평가형자격,기능사,유기농업기능사,,,
2547,과정평가형자격,기능사,의료전자기능사,,,
2548,과정평가형자격,기능사,수산양식기능사,,,
2549,과정평가형자격,기능사,위험물기능사,,,
2550,과정평가형자격,기능사,사진기능사,,,
2551,과정평가형자격,기능사,잠수기능사,,,
2552,과정평가형자격,기능사,환경기능사,,,
2553,과정평가형자격,기능사,산림기능사,,,
2554,과정평가형자격,기능사,항공장비정비기능사,,,
2555,과정평가형자격,기사,전산회계운용사2급,,,
2556,국가기술자격,기사,방재기사,,,
2557,국가기술자격,기사,정밀화학기사,,,
2558,일학습병행자격,L3,레이저가공,,,
2559,일학습병행자격,L3,기초석유화학제품제조,,,
2560,일학습병행자격,L5,화장품제조,,,
2561,일학습병행자격,L3,플라스틱압출제품제조,,,
2562,일학습병행자격,L5,전력계통설계,,,
2563,일학습병행자격,L2,전자기기서비스,,,
2564,일학습병행자격,L5,로봇제어기하드웨어개발,,,
2565,일학습병행자격,L2,전자기기기구개발,,,
2566,일학습병행자격,L2,정보통신선로시공,,,
2567,일학습병행자격,L3,정보통신설비시공,,,
2568,일학습병행자격,L5,방송시스템관리,,,
2569,일학습병행자격,L3,건강기능식품가공,,,
2570,일학습병행자격,L3,보석감정,,,
2571,일학습병행자격,L5,연료전지에너지생산기술,,,
2572,일학습병행자격,L5,해양에너지생산기술,,,
2573,국가기술자격,기사,로봇소프트웨어개발기사,,,
2574,국가기술자격,기사,보석감정산업기사,,,
2575,일학습병행자격,L2,반도체장비조립,,,
2576,일학습병행자격,L2,반도체장비개발,,,
2577,과정평가형자격,기사,사회조사분석사2급,,,
2578,일학습병행자격,L3,단조압출인발,단조,,
2579,일학습병행자격,L4,제선,,,
2580,일학습병행자격,L2,탄소제품제조,,,
2581,일학습병행자격,L4,탄소제품제조,,,
2582,일학습병행자격,L3,고분자복합재료제조,,,
2583,일학습병행자격,L3,고분자제품제조,,,
2584,일학습병행자격,L4,IoT시스템운영관리,,,
2585,과정평가형자격,기사,가구제작산업기사,,,
2586,일학습병행자격,L3,여행안내,,,
2587,일학습병행자격,L4,크루즈운영관리,,,
2588,일학습병행자격,L4,중식조리,,,
2589,일학습병행자격,L3,토목·건축관리,,,
2590,일학습병행자격,L2,제강,,,
2591,일학습병행자격,L4,제강,,,
2592,일학습병행자격,L2,제선,,,
2593,일학습병행자격,L5,플라스틱압출제품제조,,,
2594,국가기술자격,기사,공공조달관리사,,,
2595,일학습병행자격,L4,스포츠클럽관리,,,
2596,국가기술자격,기사,3D프린터개발산업기사,,,
2597,일학습병행자격,L2,전자기기기구개발,,,
2598,일학습병행자격,L3,반도체장비조립,,,
2599,일학습병행자격,L4,반도체설계,,,
2600,일학습병행자격,L5,SW개발,,,
2601,일학습병행자격,L5,SW테스트,,,
2602,일학습병행자격,L2,통신기기운용,,,
2603,일학습병행자격,L3,수산식품가공,,,
2604,일학습병행자격,L3,유가공,,,
2605,일학습병행자격,L3,사료생산,,,
2606,일학습병행자격,L5,어로관리,,,
2607,일학습병행자격,L3,수산양식,,,
2608,일학습병행자격,L5,수산양식,,,
2609,일학습병행자격,L6,기계설비제어,,,
2610,일학습병행자격,L5,임베디드SW개발,,,
2611,일학습병행자격,L5,IT시스템운영,,,
2612,일학습병행자격,L3,무선통신시공,,,
2613,일학습병행자격,L4,구내방송통신설계,,,
2614,일학습병행자격,L2,수산식품가공,,,
2615,일학습병행자격,L2,김치류제조가공,,,
2616,일학습병행자격,L3,산업보건관리,,,
2617,일학습병행자격,L3,농업환경개선,,,
2618,일학습병행자격,L3,산림조성,,,
2619,과정평가형자격,기사,산업안전산업기사,,,
2620,과정평가형자격,기사,직업상담사,,,1급
2621,과정평가형자격,기사,설비보전기사,,,
2622,과정평가형자격,기사,일반기계기사,,,
2623,일학습병행자격,L3,기업교육,,,
2624,일학습병행자격,L2,요양보호,,,
2625,일학습병행자격,L5,사회복지정책,,,
2626,일학습병행자격,L4,청소년활동,,,
2627,일학습병행자격,L5,디지털디자인,,,
2628,일학습병행자격,L3,서비스·경험디자인,,,
2629,일학습병행자격,L4,스마트앱디자인설계,,,
2630,일학습병행자격,L2,네일미용,,,
2631,일학습병행자격,L2,헤어디자인,,,
2632,과정평가형자격,기능사,지게차운전기능사,,,
2633,국가기술자격,기능사,떡제조기능사,,,
2634,일학습병행자격,L3,비주얼머천다이징,,,
2635,일학습병행자격,L2,프레스그래픽아터,,,
2636,국가기술자격,기사,이러닝운영관리사,,,
2637,국가기술자격,기능사,항공기정비기능사,,,
2638,국가기술자격,기사,스마트공장산업기사,,,
2639,일학습병행자격,L5,마케팅전략기획,,,
2640,일학습병행자격,L2,선박도장,,,
2641,일학습병행자격,L5,디지털디자인,,,
2642,일학습병행자격,L5,방송제작,,,
2643,일학습병행자격,L3,호텔식음료서비스,,,
2644,일학습병행자격,L3,소믈리에,,,
2645,일학습병행자격,L2,강구조시공,,,
2646,일학습병행자격,L2,조경,,,
2647,일학습병행자격,L5,조경,,,
2648,일학습병행자격,L5,선박기본설계,,,
2649,일학습병행자격,L3,선박의장설계,,,
2650,일학습병행자격,L4,도금,,,
2651,일학습병행자격,L2,전기철도신호시공,,,
2652,일학습병행자격,L2,전자기기소프트웨어개발,,,
2653,일학습병행자격,L5,SW개발,,,
2654,일학습병행자격,L5,임베디드SW개발,,,
2655,일학습병행자격,L5,IT시스템운영,,,
2656,일학습병행자격,L2,제과,,,
2657,일학습병행자격,L5,광물·석유자원개발,,,
2658,일학습병행자격,L5,빅데이터분석,,,
2659,일학습병행자격,L5,인공지능개발,,,
2660,일학습병행자격,L3,산업보건관리,,,
2661,일학습병행자격,L6,SW아키텍트,,,
2662,일학습병행자격,L6,임베디드SW개발,,,
2663,일학습병행자격,L5,블록체인서비스개발,,,
2664,일학습병행자격,L2,3D프린터운용,,,
2665,일학습병행자격,L5,가상훈련콘텐츠SW개발,,,
2666,일학습병행자격,L2,반도체장비조립,,,
2667,일학습병행자격,L3,건축설계,,,
2668,국가기술자격,기능사,스마트공장기능사,,,
2669,일학습병행자격,L5,화학물질분석,,,
2670,일학습병행자격,L3,헤어디자인,,,
2671,일학습병행자격,L3,사출금형설계,,,
2672,일학습병행자격,L5,공연무대디자인,,,
2673,과정평가형자격,기능사,항공기관정비기능사,,,
2674,과정평가형자격,기능사,표면처리기능사,,,
2675,과정평가형자격,기사,패션머천다이징산업기사,,,
2676,과정평가형자격,기능사,도자공예기능사,,,
2677,과정평가형자격,기사,주조산업기사,,,
2678,과정평가형자격,기능사,배관기능사,,,
2679,과정평가형자격,기능사,전산회계운용사3급,,,
2680,과정평가형자격,기사,패션디자인산업기사,,,
2681,과정평가형자격,기사,표면처리산업기사,,,
2682,과정평가형자격,기사,용접기사,,,
2683,과정평가형자격,기사,의류기사,,,
2684,과정평가형자격,기사,직업상담사,,,2급
2685,과정평가형자격,기능사,미용사,네일,,
2686,과정평가형자격,기능사,미용사,메이크업,,
2687,일학습병행자격,L3,마케팅·커뮤니케이션,,,
2688,국가기술자격,기능사,가스텅스텐아크용접기능사,,,
2689,일학습병행자격,L5,재무기획관리,,,
2690,일학습병행자격,L3,생산관리,,,
2691,일학습병행자격,L3,품질경영,,,
2692,일학습병행자격,L5,사회복지서비스,,,
2693,과정평가형자격,기능사,실내건축기능사,,,
2694,과정평가형자격,기사,화훼장식산업기사,,,
2695,일학습병행자격,L3,말이용,,,
2696,일학습병행자격,L3,항공기기체정비,,,
2697,일학습병행자격,L5,항공기정비,,,
2698,일학습병행자격,L2,열간압연,,,
2699,일학습병행자격,L2,열처리,,,
2700,과정평가형자격,기능사,건설기계정비기능사,,,
2701,과정평가형자격,기능사,자동차차체수리기능사,,,
2702,과정평가형자격,기사,조경기사,,,
2703,과정평가형자격,기능사,제강기능사,,,
2704,과정평가형자격,기능사,금속재료시험기능사,,,
2705,과정평가형자격,기능사,제품응용모델링기능사,,,
2706,과정평가형자격,기능사,신발제조기능사,,,
2707,과정평가형자격,기능사,여성복기능사,,,
2708,과정평가형자격,기능사,염색기능사,침염,,
2709,과정평가형자격,기능사,염색기능사,날염,,
2710,국가기술자격,기능사,3D프린터운용기능사,,,
2711,일학습병행자격,L3,합섬원사생산,,,
2712,일학습병행자격,L5,섬유염색가공,,,
2713,일학습병행자격,L3,전기설계,,,
2714,일학습병행자격,L5,선박의장설계,,,
2715,일학습병행자격,L3,화학물질분석,,,
2716,과정평가형자격,기능사,항공전자정비기능사,,,
2717,과정평가형자격,기사,조경산업기사,,,
2718,과정평가형자격,기능사,제선기능사,,,
2719,과정평가형자격,기사,전자산업기사,,,
2720,과정평가형자격,기능사,금속도장기능사,,,
2721,과정평가형자격,기능사,주조기능사,,,
2722,과정평가형자격,기능사,한복기능사,,,
2723,과정평가형자격,기능사,압연기능사,,,
2724,과정평가형자격,기능사,축로기능사,,,
2725,과정평가형자격,기능사,미용사,피부,,
2726,국가기술자격,기사,식육가공기사,,,
2727,과정평가형자격,기능사,로더운전기능사,,,
2728,과정평가형자격,기사,스마트공장산업기사,,,
2729,과정평가형자격,기능사,3D프린터운용기능사,,,
2730,일학습병행자격,L4,목재가공,,,
2731,일학습병행자격,L5,비파괴검사관리,,,
2732,일학습병행자격,L5,선박기관,,,
2733,일학습병행자격,L5,선박항해,,,
2734,일학습병행자격,L5,식물육종,,,
2735,일학습병행자격,L5,영양체생산,,,
2736,일학습병행자격,L4,자동용접,로봇용접,,
2737,일학습병행자격,L5,제직생산,,,
2738,일학습병행자격,L2,측량·지리정보개발,,,
2739,일학습병행자격,L5,토목설계,,,
2740,일학습병행자격,L4,패션디자인,,,
2741,일학습병행자격,L4,패션머천다이징,,,
2742,일학습병행자격,L3,프레스금형설계,,,
2743,일학습병행자격,L5,해양환경보전관리,,,
2744,일학습병행자격,L5,해양환경평가관리,,,
2745,일학습병행자격,L4,형조방전가공,,,
2746,일학습병행자격,L3,호텔객실서비스,,,
2747,일학습병행자격,L5,게임그래픽,,,
2748,일학습병행자격,L5,게임프로그래밍,,,
2749,일학습병행자격,L5,도시계획,,,
2750,일학습병행자격,L4,디스플레이생산,,,
2751,일학습병행자격,L2,떡제조,,,
2752,일학습병행자격,L5,섬유염색가공,,,
2753,일학습병행자격,L2,신발제조,,,
2754,일학습병행자격,L5,자원순환관리,,,
2755,일학습병행자격,L3,제직생산,,,
2756,일학습병행자격,L4,취업알선,,,
2757,일학습병행자격,L5,텍스타일디자인,,,
2758,일학습병행자격,L3,토목설계,,,
2759,일학습병행자격,L4,판금제관,,,
2760,일학습병행자격,L4,피트니스건강관리,,,
2761,일학습병행자격,L4,방송시스템운용,,,
2762,일학습병행자격,L3,가금사육,,,
2763,일학습병행자격,L3,감정평가정보,,,
2764,일학습병행자격,L5,감정평가정보,,,
2765,일학습병행자격,L4,강관제조,,,
2766,국가전문자격,기술지도사,기술지도사,기술혁신관리,,
2767,과정평가형자격,기사,전기공사산업기사,,,
2768,일학습병행자격,L5,기계품질경영,,,
2769,일학습병행자격,L3,선박의장설계,,,
2770,일학습병행자격,L2,선박선체건조,,,
2771,일학습병행자격,L3,항공기부품제작,,,
2772,일학습병행자격,L3,금속재료평가,,,
2773,일학습병행자격,L4,금속재료평가,,,
2774,일학습병행자격,L2,제강,,,
2775,일학습병행자격,L3,건설안전관리,,,
2776,일학습병행자격,L5,건설안전관리,,,
2777,일학습병행자격,L2,건축설비시공,,,
2778,일학습병행자격,L3,검수,,,
2779,일학습병행자격,L5,검정,,,
2780,일학습병행자격,L3,경량항공기레저관광조종,,,
2781,일학습병행자격,L5,경력지도,,,
2782,일학습병행자격,L3,고분자제품제조,,,
2783,일학습병행자격,L5,고분자제품제조,,,
2784,일학습병행자격,L5,공연기계장치,,,
2785,일학습병행자격,L5,공연기술감독,,,
2786,일학습병행자격,L5,공연무대감독,,,
2787,일학습병행자격,L3,공연무대의상,,,
2788,일학습병행자격,L5,공연무대의상,,,
2789,일학습병행자격,L5,공연무대제작,,,
2790,일학습병행자격,L5,공연연출,,,
2791,일학습병행자격,L5,공연조명,,,
2792,일학습병행자격,L5,공연하우스매니징,,,
2793,일학습병행자격,L3,과수재배,,,
2794,일학습병행자격,L5,광고제작,,,
2795,일학습병행자격,L3,광산보안·화약류관리,,,
2796,일학습병행자격,L3,광산조사·탐사,,,
2797,일학습병행자격,L5,광산조사·탐사,,,
2798,일학습병행자격,L5,교통계획설계,,,
2799,일학습병행자격,L2,구조물해체,,,
2800,일학습병행자격,L2,귀금속가공,,,
2801,일학습병행자격,L3,금속공예,,,
2802,일학습병행자격,L2,금속도장,,,
2803,일학습병행자격,L4,금속도장,,,
2804,일학습병행자격,L5,금속재료설계,,,
2805,일학습병행자격,L6,IT프로젝트관리,,,
2806,일학습병행자격,L6,디지털디자인디렉터,,,
2807,국가기술자격,기사,바이오화학제품제조산업기사,,,
2808,일학습병행자격,L2,소방시설관리,점검,,
2809,일학습병행자격,L2,세무·회계정보관리,,,
2810,일학습병행자격,L3,사회복지서비스,,,
2811,일학습병행자격,L5,토목시공관리,,,
2812,일학습병행자격,L5,건축설계,,,
2813,일학습병행자격,L3,지게차정비,,,
2814,일학습병행자격,L2,선박의장,,,
2815,일학습병행자격,L3,기계경비,,,
2816,일학습병행자격,L3,기능성정밀화학제품제조,,,
2817,일학습병행자격,L5,기능성정밀화학제품제조,,,
2818,일학습병행자격,L5,기업교육,,,
2819,일학습병행자격,L5,기업재난관리,,,
2820,일학습병행자격,L3,기와문화재보수,,,
2821,일학습병행자격,L5,기초석유화학제품제조,,,
2822,일학습병행자격,L3,나전칠기,,,
2823,일학습병행자격,L2,냉동공조설치,,,
2824,일학습병행자격,L5,냉동공조운영관리,,,
2825,일학습병행자격,L5,농업환경개선,,,
2826,일학습병행자격,L2,농촌체험,,,
2827,일학습병행자격,L5,농촌체험,,,
2828,일학습병행자격,L4,단위화훼장식,,,
2829,일학습병행자격,L3,단청문화재보수,,,
2830,일학습병행자격,L2,도로장비조종,,,
2831,일학습병행자격,L3,도료제조,,,
2832,일학습병행자격,L5,도료제조,,,
2833,일학습병행자격,L3,도자공예,,,
2834,일학습병행자격,L4,동력기계설치·정비,,,
2835,일학습병행자격,L3,돼지사육,,,
2836,일학습병행자격,L5,로봇기구개발,,,
2837,일학습병행자격,L5,로봇소프트웨어개발,,,
2838,일학습병행자격,L5,로봇제어기하드웨어개발,,,
2839,일학습병행자격,L3,만화제작,,,
2840,일학습병행자격,L3,말사육,,,
2841,일학습병행자격,L2,메이크업디자인,,,
2842,일학습병행자격,L3,메이크업디자인,,,
2843,일학습병행자격,L2,면류제조,,,
2844,일학습병행자격,L3,목공예,,,
2845,일학습병행자격,L2,목재가공,,,
2846,일학습병행자격,L3,목조문화재보수,,,
2847,일학습병행자격,L3,무대영상,,,
2848,일학습병행자격,L5,무대영상,,,
2849,일학습병행자격,L5,문헌정보관리,,,
2850,일학습병행자격,L5,문화예술경영,,,
2851,일학습병행자격,L5,환경디자인,,,
2852,일학습병행자격,L3,보안경비,,,
2853,일학습병행자격,L2,자동차정비,,,
2854,일학습병행자격,L4,세라믹제조,,,
2855,일학습병행자격,L3,섬유염색가공,,,
2856,일학습병행자격,L4,패션제품유통,,,
2857,일학습병행자격,L5,전기설계,,,
2858,일학습병행자격,L2,전기시공,,,
2859,일학습병행자격,L2,자동제어기기제작,,,
2860,일학습병행자격,L4,전자기기서비스,,,
2861,일학습병행자격,L3,전자기기하드웨어개발,,,
2862,일학습병행자격,L3,반도체장비조립,,,
2863,일학습병행자격,L3,반도체제조운영,,,
2864,일학습병행자격,L4,디스플레이개발,,,
2865,일학습병행자격,L3,SW개발,,,
2866,일학습병행자격,L5,총무·인사,,,
2867,일학습병행자격,L5,사회복지정책,,,
2868,일학습병행자격,L3,사회복지서비스,,,
2869,일학습병행자격,L3,시각디자인,,,
2870,일학습병행자격,L3,컨벤션기획,,,
2871,일학습병행자격,L3,플라스틱압출제품제조,,,
2872,일학습병행자격,L2,자동차보수도장,,,
2873,일학습병행자격,L4,선박선체건조,,,
2874,일학습병행자격,L5,사출금형설계,,,
2875,일학습병행자격,L2,제선,,,
2876,일학습병행자격,L2,냉간압연,,,
2877,일학습병행자격,L4,구조해석설계,,,
2878,일학습병행자격,L6,기계시스템설계,,,
2879,일학습병행자격,L2,미장·방수·타일시공,,,
2880,일학습병행자격,L3,바이오의약품제조,,,
2881,일학습병행자격,L5,바이오의약품제조,,,
2882,일학습병행자격,L5,바이오화학제품제조,,,
2883,일학습병행자격,L3,방문판매,,,
2884,일학습병행자격,L5,방문판매,,,
2885,일학습병행자격,L5,방송제작,,,
2886,일학습병행자격,L5,방송시스템관리,,,
2887,일학습병행자격,L4,방송제작운용,,,
2888,일학습병행자격,L5,방재,,,
2889,일학습병행자격,L3,방적원사생산,,,
2890,일학습병행자격,L5,방적원사생산,,,
2891,일학습병행자격,L3,버섯재배,,,
2892,일학습병행자격,L3,보석감정,,,
2893,일학습병행자격,L3,보석디자인,,,
2894,일학습병행자격,L5,보존기술,,,
2895,일학습병행자격,L3,보험영업·계약관리,,,
2896,일학습병행자격,L5,보험영업·계약관리,,,
2897,일학습병행자격,L2,복어조리,,,
2898,일학습병행자격,L4,복어조리,,,
2899,일학습병행자격,L4,부동산경·공매,,,
2900,일학습병행자격,L5,부동산자산관리,,,L5
2901,일학습병행자격,L3,부동산중개,,,L3
2902,일학습병행자격,L5,부동산중개,,,L5
2903,일학습병행자격,L4,비철금속건식제련,,,L4
2904,일학습병행자격,L2,비철금속습식제련,,,L2
2905,일학습병행자격,L4,비철금속습식제련,,,L4
2906,일학습병행자격,L5,사료생산,,,L5
2907,일학습병행자격,L5,사진촬영,,,L5
2908,일학습병행자격,L5,산림보호,,,L5
2909,일학습병행자격,L5,산림조성,,,L5
2910,일학습병행자격,L5,산림토목,,,L5
2911,일학습병행자격,L3,산업안전관리,,,L3
2912,일학습병행자격,L5,산업안전관리,,,L5
2913,일학습병행자격,L3,산업환경기계설비,,,L3
2914,일학습병행자격,L6,SW아키텍트,,,L6
2915,일학습병행자격,L3,건강운동관리,건강노화운동관리,,L3
2916,일학습병행자격,L6,기계설비제어,,,L6
2917,과정평가형자격,기사,건설안전산업기사,,,
2918,과정평가형자격,기사,보석디자인산업기사,,,
2919,과정평가형자격,기사,소방설비산업기사,기계분야,,
2920,과정평가형자격,기사,측량및지형공간정보산업기사,,,
2921,일학습병행자격,L5,산업환경기계설비,,,L5
2922,일학습병행자격,L3,산업환경보건,,,L3
2923,일학습병행자격,L5,산업환경전기·계측제어설비,,,L5
2924,일학습병행자격,L5,상업용건물관리,,,L5
2925,일학습병행자격,L3,상하수도시공,,,L3
2926,일학습병행자격,L4,생산기계설치·정비,,,L4
2927,일학습병행자격,L3,석조문화재보수,,,L3
2928,일학습병행자격,L3,선박기관,,,L3
2929,일학습병행자격,L3,선박시운전정비,,,L3
2930,일학습병행자격,L5,선박의장설계,,,L5
2931,일학습병행자격,L3,선박항해,,,L3
2932,일학습병행자격,L4,선재가공,,,L4
2933,일학습병행자격,L3,선체설계,,,L3
2934,일학습병행자격,L5,선체설계,,,L5
2935,일학습병행자격,L3,섬유공예,,,L3
2936,일학습병행자격,L4,세라믹제조,,,L4
2937,일학습병행자격,L2,세탁,,,L2
2938,일학습병행자격,L3,소믈리에,,,L3
2939,일학습병행자격,L5,소방공사관리,,,L5
2940,일학습병행자격,L5,소음진동관리,,,L5
2941,일학습병행자격,L3,손해사정,,,L3
2942,일학습병행자격,L5,송배전설비시공,,,L5
2943,일학습병행자격,L3,수도작재배,,,L3
2944,일학습병행자격,L2,수동용접,가스메탈아크용접,,L2
2945,일학습병행자격,L3,수상레저기구운항,,,L3
2946,일학습병행자격,L2,수상작업용건설기계조종,,,L2
2947,일학습병행자격,L2,수선,,,L2
2948,일학습병행자격,L2,수중구조물시공및준설,,,L2
2949,일학습병행자격,L3,스포츠관광플래닝,,,L3
2950,일학습병행자격,L3,스포츠선수관리,,,L3
2951,일학습병행자격,L3,승강기설치,,,L3
2952,일학습병행자격,L3,승강기유지관리,,,L3
2953,일학습병행자격,L5,시각디자인,,,L5
2954,일학습병행자격,L3,식물육종,,,L3
2955,일학습병행자격,L5,식품가공연구개발,,,L5
2956,일학습병행자격,L4,식품품질관리,,,L4
2957,일학습병행자격,L3,신변보호,,,L3
2958,일학습병행자격,L3,건강운동관리,유소년,,L3
2959,일학습병행자격,L4,단조압출인발,단조,,L4
2960,일학습병행자격,L2,비철금속제련,습식,,L2
2961,일학습병행자격,L6,임베디드SW개발,,,L6
2962,일학습병행자격,L4,취업알선,,,L4
2963,일학습병행자격,L5,플라스틱제품제조,압출,,L5
2964,일학습병행자격,L3,호텔객실,,,L3
2965,일학습병행자격,L3,호텔식음료,,,L3
2966,국가전문자격,고용노동부 보건직7급 필기시험,고용노동부 보건직,,,7급
2967,일학습병행자격,L4,열처리,,,L4
2968,일학습병행자격,L2,도금,,,L2
2969,일학습병행자격,L3,선박도장,,,L3
2970,일학습병행자격,L3,전기기기제작,,,L3
2971,일학습병행자격,L5,전기철도시공,,,L5
2972,일학습병행자격,L3,전기철도신호시공,,,L3
2973,일학습병행자격,L4,전자기기소프트웨어개발,,,L4
2974,일학습병행자격,L3,반도체설계,,,L3
2975,일학습병행자격,L5,신용분석,,,L5
2976,일학습병행자격,L3,신용카드운영,,,L3
2977,일학습병행자격,L5,신체손해사정,,,L5
2978,일학습병행자격,L3,실내공기질관리,,,L3
2979,일학습병행자격,L4,실용음악보컬디렉팅,,,L4
2980,일학습병행자격,L4,실용음악크리에이팅,,,L4
2981,일학습병행자격,L3,씨앗생산,,,L3
2982,일학습병행자격,L5,씨앗생산,,,L5
2983,일학습병행자격,L3,애니메이션제작,,,L3
2984,일학습병행자격,L2,양식조리,,,L2
2985,일학습병행자격,L4,양식조리,,,L4
2986,일학습병행자격,L3,어장환경정화관리,,,L3
2987,일학습병행자격,L2,어촌체험관리,,,L2
2988,일학습병행자격,L4,어촌체험관리,,,L4
2989,일학습병행자격,L3,여가레크리에이션지도,,,L3
2990,일학습병행자격,L5,여행상품기획,,,L5
2991,일학습병행자격,L4,여행상품상담,,,L4
2992,일학습병행자격,L3,여행안내,,,L3
2993,일학습병행자격,L4,역시설물유지보수,,,L4
2994,일학습병행자격,L2,열간압연,,,L2
2995,일학습병행자격,L5,열차운용DIA관리,,,L5
2996,일학습병행자격,L3,염생산관리,,,L3
2997,일학습병행자격,L3,영업,,,L3
2998,일학습병행자격,L5,영업,,,L5
2999,일학습병행자격,L4,영유아보육,,,L4
3000,일학습병행자격,L5,영화제작,,,L5
3001,일학습병행자격,L3,온돌문화재보수,,,L3
3002,일학습병행자격,L3,웨딩이벤트매니저,,,L3
3003,일학습병행자격,L3,웨딩플래너,,,L3
3004,일학습병행자격,L3,위험물안전관리,,,L3
3005,일학습병행자격,L5,위험물안전관리,,,L5
3006,일학습병행자격,L2,유리재료제조,,,L2
3007,일학습병행자격,L4,유리재료제조,,,L4
3008,일학습병행자격,L3,유선통신운용,,,L3
3009,일학습병행자격,L3,유원시설운영관리,,,L3
3010,일학습병행자격,L5,은행금융자산관리,,,L5
3011,일학습병행자격,L3,음악제작,,,L3
3012,과정평가형자격,기사,식육가공기사,,,
3013,일학습병행자격,L4,열처리,,,L4
3014,일학습병행자격,L4,탄소제품제조,,,L4
3015,일학습병행자격,L3,바이오화학제품제조,,,L3
3016,일학습병행자격,L2,곡류가공,,,L2
3017,일학습병행자격,L3,수산식품저장·유통,,,L3
3018,일학습병행자격,L2,제과,,,L2
3019,일학습병행자격,L3,귀금속가공,,,L3
3020,일학습병행자격,L5,수질관리,,,L5
3021,일학습병행자격,L5,생태복원관리,,,L5
3022,일학습병행자격,L5,환경컨설턴트,,,L5
3023,일학습병행자격,L3,광산환경관리,,,L3
3024,일학습병행자격,L5,광산환경관리,,,L5
3025,일학습병행자격,L5,바이오에너지생산기술,,,L5
3026,일학습병행자격,L3,단조압출인발,단조,,L3
3027,일학습병행자격,L2,도금,,,L2
3028,일학습병행자격,L2,수동용접,가스텅스텐아크용접,,L2
3029,일학습병행자격,L5,의료기관의료기기안전관리,,,L5
3030,일학습병행자격,L4,의료기관행정관리,,,L4
3031,일학습병행자격,L3,의약품제조,,,L3
3032,일학습병행자격,L5,의약품제조,,,L5
3033,일학습병행자격,L3,이동식크레인정비,,,L3
3034,일학습병행자격,L4,이러닝과정운영,,,L4
3035,일학습병행자격,L3,이러닝관리,,,L3
3036,일학습병행자격,L4,이러닝콘텐츠개발,,,L4
3037,일학습병행자격,L5,이러닝콘텐츠개발,,,L5
3038,일학습병행자격,L2,이용,,,L2
3039,일학습병행자격,L3,이용,,,L3
3040,일학습병행자격,L5,이용,,,L5
3041,일학습병행자격,L5,인보험계약심사,언더라이팅,,L5
3042,일학습병행자격,L4,일식조리,,,L4
3043,일학습병행자격,L2,임산물생산관리,,,L2
3044,일학습병행자격,L4,임산물생산관리,,,L4
3045,일학습병행자격,L4,임업종묘,,,L4
3046,일학습병행자격,L2,자동용접,서브머지드아크용접,,L2
3047,일학습병행자격,L4,자동용접,서브머지드아크용접,,L4
3048,일학습병행자격,L5,자동제어기기설계,,,L5
3049,일학습병행자격,L3,자동제어기기제작,,,L3
3050,일학습병행자격,L5,자동차시험평가,,,L5
3051,일학습병행자격,L2,자동차차체정비,,,L2
3052,일학습병행자격,L5,자산운용,,,L5
3053,일학습병행자격,L3,장례시설관리,,,L3
3054,일학습병행자격,L3,장례지도,,,L3
3055,일학습병행자격,L5,재난방재조종,,,L5
3056,일학습병행자격,L5,재무기획관리,,,L5
3057,일학습병행자격,L5,재물보험계약심사,언더라이팅,,L5
3058,일학습병행자격,L5,재물손해사정,,,L5
3059,일학습병행자격,L5,전기감리,,,L5
3060,일학습병행자격,L2,전기기기제작,,,L2
3061,일학습병행자격,L3,전기기기제작,,,L3
3062,과정평가형자격,기능사,불도저운전기능사,,,
3063,일학습병행자격,L3,동력기계설치·정비,,,L3
3064,일학습병행자격,L5,화학물질분석,,,L5
3065,일학습병행자격,L2,축산식품가공,,,L2
3066,과정평가형자격,기능사,기중기운전기능사,,,
3067,일학습병행자격,L2,음료제조가공,,,L2
3068,일학습병행자격,L3,농산식품저장·유통,,,L3
3069,일학습병행자격,L2,제빵,,,L2
3070,일학습병행자격,L3,가구제작,,,L3
3071,일학습병행자격,L5,기후대기관리,,,L5
3072,일학습병행자격,L5,위해성관리,,,L5
3073,일학습병행자격,L3,생태복원관리,,,L3
3074,일학습병행자격,L3,전기설계,,,L3
3075,일학습병행자격,L5,전기설계,,,L5
3076,일학습병행자격,L5,전기설비시공,,,L5
3077,일학습병행자격,L2,전기시공,,,L2
3078,일학습병행자격,L3,전기시공,,,L3
3079,일학습병행자격,L5,전력계통감리,,,L5
3080,일학습병행자격,L5,전력계통설계,,,L5
3081,일학습병행자격,L2,전산응용기계설계,,,L2
3082,일학습병행자격,L5,전자기기기구개발,,,L5
3083,일학습병행자격,L4,전자기기기획,,,L4
3084,일학습병행자격,L5,전자기기기획,,,L5
3085,일학습병행자격,L4,전자기기생산,,,L4
3086,일학습병행자격,L4,전자기기서비스,,,L4
3087,일학습병행자격,L5,전자기기하드웨어개발,,,L5
3088,일학습병행자격,L5,전직지원,,,L5
3089,일학습병행자격,L2,정보통신선로시공,,,L2
3090,일학습병행자격,L5,정보통신설계,,,L5
3091,일학습병행자격,L4,정비기지시설물유지보수,,,L4
3092,일학습병행자격,L4,정수장운영관리,,,L4
3093,일학습병행자격,L3,젖소사육,,,L3
3094,일학습병행자격,L4,제강,,,L4
3095,일학습병행자격,L4,제선,,,L4
3096,일학습병행자격,L3,제직의류생산,,,L3
3097,일학습병행자격,L3,제품디자인,,,L3
3098,일학습병행자격,L5,제품디자인,,,L5
3099,일학습병행자격,L3,종자유통,,,L3
3100,일학습병행자격,L5,종자유통,,,L5
3101,일학습병행자격,L5,종축,,,L5
3102,과정평가형자격,기능사,건축목공기능사,,,
3103,과정평가형자격,기사,금속재료기사,,,
3104,과정평가형자격,기사,바이오화학제품제조산업기사,,,
3105,일학습병행자격,L3,디지털디자인,,,L3
3106,일학습병행자격,L3,헤어디자인,,,L3
3107,일학습병행자격,L3,식음료서비스,,,L3
3108,일학습병행자격,L2,측량·지리정보개발,,,L2
3109,일학습병행자격,L2,철근콘크리트·가설시공,,,L2
3110,일학습병행자격,L3,자동차정비,,,L3
3111,일학습병행자격,L3,도자공예,,,L3
3112,일학습병행자격,L5,바이오에너지생산기술,,,L5
3113,일학습병행자격,L2,SW개발,,,L2
3114,과정평가형자격,기능사,롤러운전기능사,,,
3115,과정평가형자격,기사,화약류제조기사,,,
3116,과정평가형자격,기능사,스마트공장기능사,,,
3117,일학습병행자격,L5,총무·인사,,,L5
3118,일학습병행자격,L3,자동차차체도장,,,L3
3119,일학습병행자격,L2,주얼리머천다이징,,,L2
3120,일학습병행자격,L4,주얼리머천다이징,,,L4
3121,일학습병행자격,L3,주얼리캐드원형,,,L3
3122,일학습병행자격,L2,주조,,,L2
3123,일학습병행자격,L4,주조,,,L4
3124,일학습병행자격,L3,주택관리,,,L3
3125,일학습병행자격,L5,주택관리,,,L5
3126,일학습병행자격,L5,증권금융자산관리,,,L5
3127,일학습병행자격,L2,중식조리,,,L2
3128,일학습병행자격,L4,중식조리,,,L4
3129,일학습병행자격,L3,지게차정비,,,L3
3130,일학습병행자격,L2,지게차조종,,,L2
3131,일학습병행자격,L2,지식재산사무,,,L2
3132,일학습병행자격,L5,지식재산사무,,,L5
3133,일학습병행자격,L5,직업상담,,,L5
3134,일학습병행자격,L5,차량손해사정,,,L5
3135,일학습병행자격,L2,창호시공,,,L2
3136,일학습병행자격,L5,채권관리,,,L5
3137,일학습병행자격,L3,채소재배,,,L3
3138,일학습병행자격,L3,철강재시공,,,L3
3139,일학습병행자격,L2,철근콘크리트·가설시공,,,L2
3140,일학습병행자격,L5,철도관제,,,L5
3141,일학습병행자격,L4,철도선로시설물유지보수,,,L4
3142,일학습병행자격,L5,철도신호시공,,,L5
3143,일학습병행자격,L4,철도운전,,,L4
3144,일학습병행자격,L5,철도정보통신시설물유지보수,,,L5
3145,일학습병행자격,L5,철도차량설계,,,L5
3146,일학습병행자격,L3,철도차량유지보수,,,L3
3147,일학습병행자격,L5,철도차량유지보수,,,L5
3148,일학습병행자격,L4,청소년상담복지,,,L4
3149,일학습병행자격,L3,축산식품저장·유통,,,L3
3150,일학습병행자격,L5,출판에디터,,,L5
3151,일학습병행자격,L5,출판콘텐츠연출가,,,L5
3152,일학습병행자격,L3,칠공예,,,L3
3153,과정평가형자격,기능사,정보기기운용기능사,,,
3154,과정평가형자격,기능사,전자출판기능사,,,
3155,과정평가형자격,기능사,화훼장식기능사,,,
3156,과정평가형자격,기능사,중식조리기능사,,,
3157,과정평가형자격,기능사,복어조리기능사,,,
3158,과정평가형자격,기능사,일식조리기능사,,,
3159,과정평가형자격,기사,양식조리산업기사,,,
3160,과정평가형자격,기사,중식조리산업기사,,,
3161,과정평가형자격,기사,식품산업기사,,,
3162,과정평가형자격,기능사,승강기기능사,,,
3163,과정평가형자격,기사,승강기산업기사,,,
3164,과정평가형자격,기능사,농기계정비기능사,,,
3165,과정평가형자격,기능사,종자기능사,,,
3166,일학습병행자격,L3,세무·회계정보관리,,,
3167,일학습병행자격,L4,산업물류,,,
3168,일학습병행자격,L5,생산관리,,,
3169,일학습병행자격,L5,직업상담,,,
3170,과정평가형자격,기능사,식품가공기능사,,,
3171,과정평가형자격,기능사,원예기능사,,,
3172,일학습병행자격,L2,전자기기소프트웨어개발,,,
3173,국가기술자격,기사,제과산업기사,,,
3174,일학습병행자격,L3,김치반찬가공,,,
3175,일학습병행자격,L2,비철금속제련,건식,,
3176,일학습병행자격,L5,손해사정,신체,,
3177,일학습병행자격,L6,IT프로젝트관리,,,
3178,일학습병행자격,L4,카지노기획개발,,,
3179,일학습병행자격,L3,카지노딜러,,,
3180,일학습병행자격,L3,커플매니저,,,
3181,일학습병행자격,L2,콘크리트공기계조종,,,
3182,일학습병행자격,L4,크루즈운영관리,,,
3183,일학습병행자격,L3,태양광에너지생산기술,,,
3184,일학습병행자격,L5,태양광에너지생산기술,,,
3185,일학습병행자격,L5,태양열에너지생산기술,,,
3186,일학습병행자격,L3,텍스타일디자인,,,
3187,일학습병행자격,L2,토공장비조종,,,
3188,일학습병행자격,L2,토공·포장,,,
3189,일학습병행자격,L5,토목시공관리,,,
3190,일학습병행자격,L5,토양지하수관리,,,
3191,일학습병행자격,L5,투자금융,IB,,
3192,일학습병행자격,L3,특수인쇄,,,
3193,일학습병행자격,L3,판금제관,,,
3194,일학습병행자격,L3,패션소품생산,,,
3195,일학습병행자격,L2,패션제품유통,,,
3196,일학습병행자격,L4,패션제품유통,,,
3197,일학습병행자격,L5,패션제품유통,,,
3198,일학습병행자격,L3,패턴메이킹,,,
3199,일학습병행자격,L5,패턴메이킹,,,
3200,일학습병행자격,L2,펄프·종이제조,,,
3201,일학습병행자격,L4,펄프·종이제조,,,
3202,일학습병행자격,L3,편직생산,,,
3203,일학습병행자격,L5,편직생산,,,
3204,일학습병행자격,L4,편직의류생산,,,
3205,일학습병행자격,L3,편집디자이너,,,
3206,일학습병행자격,L5,평생교육프로그램개발운영,,,
3207,일학습병행자격,L2,평판인쇄,,,
3208,일학습병행자격,L5,폐자원에너지생산기술,,,
3209,일학습병행자격,L5,품질경영,,,
3210,일학습병행자격,L5,프레스금형설계,,,
3211,일학습병행자격,L4,프리프레스,,,
3212,일학습병행자격,L5,플라스틱사출성형품제조,,,
3213,일학습병행자격,L3,수산식품가공,수산식품조미,,
3214,일학습병행자격,L2,요양보호,,,
3215,일학습병행자격,L3,총무·인사,,,
3216,일학습병행자격,L5,시각디자인,,,
3217,국가기술자격,기능장,산림기능장,,,
3218,일학습병행자격,L4,플라즈마가공,,,
3219,일학습병행자격,L5,학습시스템개발전문가,,,
3220,일학습병행자격,L5,학예,,,
3221,일학습병행자격,L3,한복생산,,,
3222,일학습병행자격,L2,한식조리,,,
3223,일학습병행자격,L4,한식조리,,,
3224,일학습병행자격,L3,합섬원사생산,,,
3225,일학습병행자격,L5,합섬원사생산,,,
3226,일학습병행자격,L5,항공기부품제작,,,
3227,일학습병행자격,L3,항공기전자장치정비,,,
3228,일학습병행자격,L5,항공기정비,,,
3229,일학습병행자격,L5,항공보안관리,,,
3230,일학습병행자격,L4,항공안전관리,,,
3231,일학습병행자격,L2,항만용크레인조종,,,
3232,일학습병행자격,L3,해상교통관제,,,
3233,일학습병행자격,L5,해상교통관제,,,
3234,일학습병행자격,L3,해양관측측량,,,
3235,일학습병행자격,L5,해양관측측량,,,
3236,일학습병행자격,L5,해양생태분석,,,
3237,일학습병행자격,L5,해양에너지생산기술,,,
3238,일학습병행자격,L5,해양자원탐사개발관리,,,
3239,일학습병행자격,L3,해양플랜트설치·운용관리,,,
3240,일학습병행자격,L5,해양플랜트설치·운용관리,,,
3241,일학습병행자격,L3,해양환경보전관리,,,
3242,일학습병행자격,L5,헬리콥터정비,,,
3243,일학습병행자격,L3,화장품제조,,,
3244,일학습병행자격,L5,화장품제조,,,
3245,일학습병행자격,L5,화학공정유지운영,,,
3246,일학습병행자격,L5,화학물질취급관리,,,
3247,일학습병행자격,L3,화훼재배,,,
3248,일학습병행자격,L3,환경디자인,,,
3249,일학습병행자격,L4,환경시설관리,,,
3250,일학습병행자격,L2,석공예,,,
3251,일학습병행자격,L3,냉동공조운영관리,,,
3252,일학습병행자격,L5,측량·지리정보개발,,,
3253,일학습병행자격,L2,수동용접,CO2용접,,
3254,일학습병행자격,L2,세라믹제조,,,
3255,일학습병행자격,L3,바이오의약품제조,,,
3256,일학습병행자격,L5,바이오의약품제조,,,
3257,일학습병행자격,L4,패션머천다이징,,,
3258,일학습병행자격,L3,자동제어기기제작,,,
3259,일학습병행자격,L2,김치류제조가공,,,
3260,일학습병행자격,L2,음료제조가공,,,
3261,일학습병행자격,L2,제빵,,,
3262,일학습병행자격,L5,기후대기관리,,,
3263,일학습병행자격,L4,환경시설관리,,,
3264,일학습병행자격,L6,디지털디자인디렉터,,,
3265,일학습병행자격,L3,서비스·경험디자인,,,
3266,일학습병행자격,L3,카지노딜러,,,
3267,일학습병행자격,L5,호텔관리,,,
3268,일학습병행자격,L3,바리스타,,,
3269,일학습병행자격,L5,광산환경관리,,,
3270,일학습병행자격,L3,냉동공조설계,,,
3271,일학습병행자격,L3,굴삭기정비,,,
3272,일학습병행자격,L3,레이저가공,,,
3273,일학습병행자격,L3,기계장치조립,,,
3274,일학습병행자격,L3,전기철도신호시공,,,
3275,일학습병행자격,L3,전자기기하드웨어개발,,,
3276,일학습병행자격,L5,전자기기소프트웨어개발,,,
3277,일학습병행자격,L5,반도체장비개발,,,
3278,일학습병행자격,L3,반도체설계,,,
3279,일학습병행자격,L3,정보통신설비시공,,,
3280,일학습병행자격,L4,무선통신설계,,,
3281,일학습병행자격,L2,두부류제조가공,,,
3282,일학습병행자격,L5,풍력에너지생산기술,,,
3283,일학습병행자격,L5,산업보건관리,,,
3284,일학습병행자격,L3,어로관리,,,
3285,일학습병행자격,L5,수산자원관리,,,
3286,일학습병행자격,L6,디지털디자인디렉터,,,
3287,일학습병행자격,L2,건설관리,,,
3288,일학습병행자격,L4,전자기기생산,,,
3289,일학습병행자격,L2,유리재료제조,,,
3290,일학습병행자격,L4,유리재료제조,,,
3291,국가기술자격,기사,버섯산업기사,,,
3292,국가기술자격,기사,농작업안전보건기사,,,
3293,일학습병행자격,L2,양식조리,,,
3294,일학습병행자격,L2,중식조리,,,
3295,일학습병행자격,L3,생산관리,,,
3296,일학습병행자격,L3,마케팅·커뮤니케이션,,,
3297,일학습병행자격,L5,광고·홍보,,,
3298,과정평가형자격,기능사,가구제작기능사,,,
3299,과정평가형자격,기능사,가스기능사,,,
3300,일학습병행자격,L5,마케팅전략기획,,,
3301,국가기술자격,기사,신발산업기사,,,
3302,과정평가형자격,기능사,광산보안기능사,,,
3303,과정평가형자격,기사,공간정보융합산업기사,,,
3304,과정평가형자격,기능사,철도전기신호기능사,,,
3305,과정평가형자격,기사,수산양식산업기사,,,
3306,일학습병행자격,L3,e-비지니스,,,
3307,일학습병행자격,L5,매장판매,,,
3308,일학습병행자격,L5,자동제어기기설계,,,
3309,일학습병행자격,L5,전기설비시공,,,
3310,일학습병행자격,L3,전기시공,,,
3311,일학습병행자격,L5,전자기기기구개발,,,
3312,일학습병행자격,L4,구내방송통신설계,,,
3313,일학습병행자격,L4,무선통신설계,,,
3314,일학습병행자격,L3,무선통신시공,,,
3315,일학습병행자격,L3,무선통신운용,,,
3316,일학습병행자격,L5,정보통신설계,,,
3317,일학습병행자격,L2,통신기기운용,,,
3318,일학습병행자격,L5,식품가공연구개발,,,
3319,일학습병행자격,L3,유가공,,,
3320,일학습병행자격,L3,주류제조가공,,,
3321,일학습병행자격,L3,가구제작,,,
3322,일학습병행자격,L5,소음진동관리,,,
3323,일학습병행자격,L4,정수장운영관리,,,
3324,일학습병행자격,L3,산업안전관리,,,
3325,일학습병행자격,L3,종자유통,,,
3326,일학습병행자격,L5,종자유통,,,
3327,일학습병행자격,L4,선수스포츠지도,,,
3328,일학습병행자격,L3,전기자동차정비,,,
3329,일학습병행자격,L2,SW개발,,,
3330,일학습병행자격,L3,반도체재료제조,,,
3331,일학습병행자격,L3,캐릭터제작,,,
3332,일학습병행자격,L3,보안경비,,,
3333,일학습병행자격,L2,피부관리,,,
3334,일학습병행자격,L5,호텔관리,,,
3335,일학습병행자격,L3,식음료서비스,,,
3336,일학습병행자격,L3,수출입관리,,,
3337,일학습병행자격,L3,품질경영,,,
3338,일학습병행자격,L3,금융업무관리,,,
3339,일학습병행자격,L5,사회복지서비스,,,
3340,일학습병행자격,L3,디지털디자인,,,
3341,일학습병행자격,L5,서비스·경험디자인,,,
3342,일학습병행자격,L5,e-비지니스,,,
3343,일학습병행자격,L3,네일미용,,,
3344,일학습병행자격,L3,바텐더,,,
3345,일학습병행자격,L5,건설관리,,,
3346,일학습병행자격,L3,건축설계,,,
3347,일학습병행자격,L5,건축구조설계,,,
3348,일학습병행자격,L3,기계요소설계,,,
3349,일학습병행자격,L5,기계제어설계,,,
3350,일학습병행자격,L2,선반가공,,,
3351,일학습병행자격,L2,밀링가공,,,
3352,일학습병행자격,L3,CNC선반가공,,,
3353,일학습병행자격,L2,목공·수장시공,,,
3354,일학습병행자격,L2,단열시공,,,
3355,일학습병행자격,L3,산업환경전기·계측제어설비,,,
3356,일학습병행자격,L2,건설기계정비,,,
3357,일학습병행자격,L2,건설용크레인조종,,,
3358,국가기술자격,기사,로봇하드웨어개발기사,,,
3359,일학습병행자격,L2,일식조리,,,
3360,일학습병행자격,L3,바리스타,,,
3361,일학습병행자격,L3,토목·건축관리,,,
3362,일학습병행자격,L5,건축설계,,,
3363,일학습병행자격,L3,건축설비,,,
3364,일학습병행자격,L5,건축설비,,,
3365,일학습병행자격,L5,조경,,,
3366,일학습병행자격,L3,CNC밀링가공,,,
3367,일학습병행자격,L2,기계요소조립,,,
3368,일학습병행자격,L5,의료기관의료기기안전관리,,,
3369,국가기술자격,기사,가구제작산업기사,,,
3370,일학습병행자격,L5,마케팅통계분석,,,
3371,일학습병행자격,L5,기계생산관리,,,
3372,과정평가형자격,기사,바이오화학제품제조기사,,,
3373,일학습병행자격,L3,스마트팩토리시스템설치,,,
3374,일학습병행자격,L5,측량·지리정보개발,,,
3375,일학습병행자격,L3,무선통신운용,,,
3376,일학습병행자격,L5,생산관리,,,
3377,일학습병행자격,L3,소방공사관리,,,
3378,일학습병행자격,L3,의료코디네이터,,,
3379,일학습병행자격,L3,공연음향,,,
3380,일학습병행자격,L3,실내디자인,,,
3381,일학습병행자격,L2,산업용크레인조종,,,
3382,일학습병행자격,L4,구조해석설계,,,
3383,과정평가형자격,기사,가스산업기사,,,
3384,과정평가형자격,기능사,항공전기·전자정비기능사,,,
3385,일학습병행자격,L3,총무·인사,,,
3386,국가기술자격,기사,보석디자인산업기사,,,
3387,과정평가형자격,기능사,거푸집기능사,,,
3388,과정평가형자격,기사,건설기계정비산업기사,,,
3389,과정평가형자격,기사,건설안전기사,,,
3390,과정평가형자격,기능사,건축도장기능사,,,
3391,과정평가형자격,기능사,타일기능사,,,
3392,일학습병행자격,L2,선박선체건조,,,
3393,일학습병행자격,L5,전자기기하드웨어개발,,,
3394,일학습병행자격,L3,프레스금형제작,,,
3395,일학습병행자격,L3,와이어방전가공,,,
3396,일학습병행자격,L5,자동차설계,,,
3397,일학습병행자격,L3,퍼스널트레이닝,,,
3398,일학습병행자격,L3,호텔식음료서비스,,,
3399,과정평가형자격,기능사,굴착기운전기능사,,,
3400,과정평가형자격,기사,그린전동자동차기사,,,
3401,과정평가형자격,기능사,목공예기능사,,,
3402,국가기술자격,기능장,잠수기능장,,,
3403,국가기술자격,기사,환경위해관리기사,,,
3404,일학습병행자격,L5,실내디자인,,,
3405,과정평가형자격,기사,광산보안산업기사,,,
3406,과정평가형자격,기능사,피복아크용접기능사,,,
3407,일학습병행자격,L3,스마트팩토리시스템관리,,,
3408,일학습병행자격,L4,헤어디자인,,,
3409,일학습병행자격,L2,건설용크레인조종,,,
3410,일학습병행자격,L4,구조해석설계,,,
3411,일학습병행자격,L3,금속재료평가,,,
3412,일학습병행자격,L5,신체손해사정,,,
3413,일학습병행자격,L3,선박시운전정비,,,
3414,일학습병행자격,L3,워터젯가공,,,
3415,과정평가형자격,기능사,가스텅스텐아크용접기능사,,,
3416,일학습병행자격,L5,뷰티디자인전문,,,
3417,일학습병행자격,L5,컨벤션기획,,,
3418,일학습병행자격,L4,스포츠클럽관리,,,
3419,일학습병행자격,L4,양식조리,,,
3420,일학습병행자격,L4,일식조리,,,
3421,일학습병행자격,L2,한식조리,,,
3422,일학습병행자격,L4,한식조리,,,
3423,국가기술자격,기능사,이륜자동차정비기능사,,,
3424,일학습병행자격,L5,매장판매,,,
3425,일학습병행자격,L5,네일미용,,,
3426,일학습병행자격,L5,뷰티디자인전문,,,
3427,일학습병행자격,L2,천공기조종,,,
3428,일학습병행자격,L3,기계장치제어,,,
3429,일학습병행자격,L4,기계생산관리,,,
3430,국가기술자격,기사,로봇기구개발기사,,,
3431,과정평가형자격,기사,로봇기구개발기사,,,
3432,과정평가형자격,기능사,방사선비파괴검사기능사,,,
3433,과정평가형자격,기능사,자기비파괴검사기능사,,,
3434,과정평가형자격,기능사,초음파비파괴검사기능사,,,
3435,과정평가형자격,기능사,침투비파괴검사기능사,,,
3436,과정평가형자격,기능사,철도차량정비기능사,,,
3437,과정평가형자격,기사,멀티미디어콘텐츠제작전문가,,,
3438,일학습병행자격,L4,산업물류,,,
3439,일학습병행자격,L3,미장문화재보수,,,
3440,일학습병행자격,L4,수동용접,가스메탈아크용접,,
3441,일학습병행자격,L4,열간압연,,,
3442,일학습병행자격,L3,항공객실서비스,,,
3443,일학습병행자격,L5,환경영향평가,,,
3444,과정평가형자격,기능사,이산화탄소가스아크용접기능사,,,
3445,과정평가형자격,기능사,항공기정비기능사,,,
